Datum,Landesverbrauch_GWh,Endverbrauch_GWh
2017-01-01,170.0,150.0
2017-01-02,179.0,162.0
2017-01-03,200.0,183.0
2017-01-04,202.0,188.0
2017-01-05,207.0,190.0
2017-01-06,211.0,196.0
2017-01-07,195.0,182.0
2017-01-08,180.0,165.0
2017-01-09,213.0,197.0
2017-01-10,216.0,200.0
2017-01-11,211.0,196.0
2017-01-12,209.0,194.0
2017-01-13,216.0,197.0
2017-01-14,202.0,177.0
2017-01-15,200.0,169.0
2017-01-16,224.0,205.0
2017-01-17,228.0,211.0
2017-01-18,228.0,213.0
2017-01-19,226.0,212.0
2017-01-20,223.0,210.0
2017-01-21,204.0,186.0
2017-01-22,203.0,175.0
2017-01-23,226.0,207.0
2017-01-24,228.0,212.0
2017-01-25,231.0,213.0
2017-01-26,229.0,212.0
2017-01-27,222.0,204.0
2017-01-28,202.0,177.0
2017-01-29,192.0,163.0
2017-01-30,213.0,195.0
2017-01-31,210.0,192.0
2017-02-01,208.0,186.0
2017-02-02,208.0,186.0
2017-02-03,207.0,183.0
2017-02-04,198.0,166.0
2017-02-05,194.0,160.0
2017-02-06,209.0,187.0
2017-02-07,214.0,192.0
2017-02-08,210.0,192.0
2017-02-09,213.0,195.0
2017-02-10,208.0,192.0
2017-02-11,183.0,168.0
2017-02-12,181.0,155.0
2017-02-13,208.0,190.0
2017-02-14,204.0,188.0
2017-02-15,203.0,184.0
2017-02-16,197.0,182.0
2017-02-17,199.0,185.0
2017-02-18,178.0,163.0
2017-02-19,176.0,150.0
2017-02-20,193.0,178.0
2017-02-21,197.0,179.0
2017-02-22,194.0,175.0
2017-02-23,190.0,172.0
2017-02-24,195.0,178.0
2017-02-25,173.0,158.0
2017-02-26,168.0,146.0
2017-02-27,188.0,172.0
2017-02-28,201.0,182.0
2017-03-01,199.0,182.0
2017-03-02,196.0,179.0
2017-03-03,192.0,177.0
2017-03-04,174.0,153.0
2017-03-05,173.0,144.0
2017-03-06,201.0,180.0
2017-03-07,199.0,183.0
2017-03-08,201.0,183.0
2017-03-09,198.0,180.0
2017-03-10,191.0,170.0
2017-03-11,178.0,149.0
2017-03-12,169.0,137.0
2017-03-13,187.0,168.0
2017-03-14,183.0,168.0
2017-03-15,181.0,167.0
2017-03-16,183.0,165.0
2017-03-17,176.0,161.0
2017-03-18,169.0,146.0
2017-03-19,162.0,131.0
2017-03-20,176.0,159.0
2017-03-21,182.0,164.0
2017-03-22,188.0,170.0
2017-03-23,182.0,165.0
2017-03-24,179.0,164.0
2017-03-25,162.0,139.0
2017-03-26,155.0,131.0
2017-03-27,175.0,160.0
2017-03-28,176.0,158.0
2017-03-29,174.0,157.0
2017-03-30,175.0,156.0
2017-03-31,168.0,153.0
2017-04-01,147.0,132.0
2017-04-02,146.0,125.0
2017-04-03,165.0,154.0
2017-04-04,169.0,158.0
2017-04-05,171.0,160.0
2017-04-06,172.0,160.0
2017-04-07,169.0,157.0
2017-04-08,145.0,131.0
2017-04-09,145.0,119.0
2017-04-10,164.0,148.0
2017-04-11,167.0,153.0
2017-04-12,165.0,152.0
2017-04-13,159.0,145.0
2017-04-14,135.0,120.0
2017-04-15,148.0,125.0
2017-04-16,142.0,120.0
2017-04-17,152.0,124.0
2017-04-18,171.0,158.0
2017-04-19,180.0,168.0
2017-04-20,177.0,166.0
2017-04-21,170.0,160.0
2017-04-22,154.0,135.0
2017-04-23,153.0,124.0
2017-04-24,169.0,154.0
2017-04-25,177.0,162.0
2017-04-26,186.0,171.0
2017-04-27,186.0,173.0
2017-04-28,183.0,171.0
2017-04-29,158.0,141.0
2017-04-30,158.0,124.0
2017-05-01,180.0,153.0
2017-05-02,175.0,162.0
2017-05-03,172.0,160.0
2017-05-04,178.0,161.0
2017-05-05,171.0,154.0
2017-05-06,165.0,138.0
2017-05-07,161.0,129.0
2017-05-08,178.0,162.0
2017-05-09,173.0,159.0
2017-05-10,169.0,155.0
2017-05-11,168.0,153.0
2017-05-12,167.0,153.0
2017-05-13,147.0,128.0
2017-05-14,146.0,117.0
2017-05-15,162.0,147.0
2017-05-16,166.0,149.0
2017-05-17,164.0,149.0
2017-05-18,169.0,152.0
2017-05-19,176.0,156.0
2017-05-20,156.0,131.0
2017-05-21,144.0,117.0
2017-05-22,161.0,147.0
2017-05-23,164.0,148.0
2017-05-24,162.0,145.0
2017-05-25,145.0,116.0
2017-05-26,151.0,129.0
2017-05-27,149.0,119.0
2017-05-28,142.0,112.0
2017-05-29,164.0,147.0
2017-05-30,167.0,149.0
2017-05-31,173.0,150.0
2017-06-01,169.0,148.0
2017-06-02,162.0,145.0
2017-06-03,150.0,123.0
2017-06-04,151.0,111.0
2017-06-05,157.0,118.0
2017-06-06,187.0,149.0
2017-06-07,176.0,147.0
2017-06-08,162.0,145.0
2017-06-09,160.0,146.0
2017-06-10,139.0,121.0
2017-06-11,148.0,112.0
2017-06-12,170.0,148.0
2017-06-13,169.0,149.0
2017-06-14,168.0,150.0
2017-06-15,165.0,143.0
2017-06-16,169.0,144.0
2017-06-17,148.0,120.0
2017-06-18,143.0,110.0
2017-06-19,166.0,147.0
2017-06-20,171.0,151.0
2017-06-21,172.0,153.0
2017-06-22,173.0,153.0
2017-06-23,174.0,153.0
2017-06-24,161.0,128.0
2017-06-25,151.0,115.0
2017-06-26,168.0,148.0
2017-06-27,171.0,150.0
2017-06-28,171.0,150.0
2017-06-29,166.0,146.0
2017-06-30,161.0,142.0
2017-07-01,147.0,120.0
2017-07-02,144.0,115.0
2017-07-03,160.0,142.0
2017-07-04,163.0,145.0
2017-07-05,165.0,148.0
2017-07-06,166.0,149.0
2017-07-07,167.0,148.0
2017-07-08,156.0,126.0
2017-07-09,153.0,115.0
2017-07-10,167.0,146.0
2017-07-11,165.0,144.0
2017-07-12,164.0,145.0
2017-07-13,164.0,143.0
2017-07-14,161.0,142.0
2017-07-15,146.0,118.0
2017-07-16,142.0,108.0
2017-07-17,154.0,140.0
2017-07-18,161.0,144.0
2017-07-19,163.0,144.0
2017-07-20,162.0,143.0
2017-07-21,160.0,138.0
2017-07-22,145.0,116.0
2017-07-23,145.0,106.0
2017-07-24,150.0,133.0
2017-07-25,157.0,134.0
2017-07-26,156.0,134.0
2017-07-27,153.0,134.0
2017-07-28,152.0,131.0
2017-07-29,152.0,112.0
2017-07-30,146.0,105.0
2017-07-31,144.0,124.0
2017-08-01,129.0,110.0
2017-08-02,154.0,134.0
2017-08-03,159.0,138.0
2017-08-04,158.0,138.0
2017-08-05,145.0,120.0
2017-08-06,150.0,109.0
2017-08-07,155.0,134.0
2017-08-08,165.0,141.0
2017-08-09,162.0,139.0
2017-08-10,164.0,143.0
2017-08-11,161.0,142.0
2017-08-12,154.0,119.0
2017-08-13,138.0,107.0
2017-08-14,155.0,137.0
2017-08-15,158.0,137.0
2017-08-16,161.0,146.0
2017-08-17,163.0,146.0
2017-08-18,164.0,147.0
2017-08-19,165.0,122.0
2017-08-20,147.0,110.0
2017-08-21,162.0,144.0
2017-08-22,162.0,146.0
2017-08-23,167.0,150.0
2017-08-24,169.0,152.0
2017-08-25,166.0,148.0
2017-08-26,148.0,126.0
2017-08-27,149.0,116.0
2017-08-28,168.0,149.0
2017-08-29,169.0,150.0
2017-08-30,173.0,152.0
2017-08-31,178.0,155.0
2017-09-01,173.0,150.0
2017-09-02,150.0,128.0
2017-09-03,146.0,115.0
2017-09-04,164.0,148.0
2017-09-05,167.0,150.0
2017-09-06,168.0,151.0
2017-09-07,166.0,148.0
2017-09-08,170.0,148.0
2017-09-09,156.0,130.0
2017-09-10,168.0,119.0
2017-09-11,177.0,153.0
2017-09-12,174.0,155.0
2017-09-13,176.0,157.0
2017-09-14,177.0,157.0
2017-09-15,170.0,155.0
2017-09-16,150.0,133.0
2017-09-17,147.0,124.0
2017-09-18,170.0,154.0
2017-09-19,178.0,162.0
2017-09-20,177.0,160.0
2017-09-21,177.0,159.0
2017-09-22,171.0,155.0
2017-09-23,148.0,130.0
2017-09-24,146.0,119.0
2017-09-25,169.0,153.0
2017-09-26,172.0,157.0
2017-09-27,175.0,156.0
2017-09-28,174.0,155.0
2017-09-29,172.0,153.0
2017-09-30,157.0,130.0
2017-10-01,159.0,121.0
2017-10-02,173.0,155.0
2017-10-03,174.0,156.0
2017-10-04,174.0,157.0
2017-10-05,169.0,154.0
2017-10-06,173.0,156.0
2017-10-07,161.0,133.0
2017-10-08,167.0,124.0
2017-10-09,176.0,154.0
2017-10-10,169.0,156.0
2017-10-11,166.0,155.0
2017-10-12,168.0,155.0
2017-10-13,167.0,152.0
2017-10-14,157.0,128.0
2017-10-15,156.0,119.0
2017-10-16,171.0,152.0
2017-10-17,173.0,154.0
2017-10-18,171.0,156.0
2017-10-19,172.0,155.0
2017-10-20,171.0,156.0
2017-10-21,150.0,132.0
2017-10-22,152.0,129.0
2017-10-23,185.0,167.0
2017-10-24,176.0,162.0
2017-10-25,178.0,161.0
2017-10-26,175.0,160.0
2017-10-27,177.0,163.0
2017-10-28,166.0,142.0
2017-10-29,170.0,134.0
2017-10-30,186.0,166.0
2017-10-31,184.0,170.0
2017-11-01,184.0,159.0
2017-11-02,180.0,167.0
2017-11-03,179.0,164.0
2017-11-04,162.0,142.0
2017-11-05,172.0,138.0
2017-11-06,196.0,179.0
2017-11-07,196.0,179.0
2017-11-08,193.0,180.0
2017-11-09,194.0,179.0
2017-11-10,192.0,177.0
2017-11-11,186.0,154.0
2017-11-12,188.0,144.0
2017-11-13,203.0,182.0
2017-11-14,203.0,185.0
2017-11-15,206.0,187.0
2017-11-16,199.0,188.0
2017-11-17,199.0,185.0
2017-11-18,180.0,163.0
2017-11-19,180.0,153.0
2017-11-20,198.0,185.0
2017-11-21,197.0,181.0
2017-11-22,195.0,179.0
2017-11-23,194.0,177.0
2017-11-24,190.0,173.0
2017-11-25,188.0,158.0
2017-11-26,189.0,157.0
2017-11-27,204.0,188.0
2017-11-28,203.0,190.0
2017-11-29,208.0,193.0
2017-11-30,210.0,196.0
2017-12-01,207.0,196.0
2017-12-02,184.0,174.0
2017-12-03,189.0,164.0
2017-12-04,213.0,194.0
2017-12-05,209.0,193.0
2017-12-06,214.0,197.0
2017-12-07,209.0,194.0
2017-12-08,207.0,189.0
2017-12-09,193.0,177.0
2017-12-10,200.0,169.0
2017-12-11,218.0,192.0
2017-12-12,221.0,197.0
2017-12-13,215.0,198.0
2017-12-14,214.0,195.0
2017-12-15,215.0,191.0
2017-12-16,204.0,174.0
2017-12-17,202.0,166.0
2017-12-18,217.0,197.0
2017-12-19,211.0,196.0
2017-12-20,204.0,194.0
2017-12-21,201.0,189.0
2017-12-22,192.0,179.0
2017-12-23,182.0,157.0
2017-12-24,174.0,149.0
2017-12-25,183.0,147.0
2017-12-26,180.0,152.0
2017-12-27,190.0,166.0
2017-12-28,190.0,170.0
2017-12-29,188.0,171.0
2017-12-30,180.0,157.0
2017-12-31,182.0,140.0
2018-01-01,184.0,140.0
2018-01-02,181.0,154.0
2018-01-03,188.0,169.0
2018-01-04,196.0,171.0
2018-01-05,187.0,165.0
2018-01-06,175.0,150.0
2018-01-07,177.0,144.0
2018-01-08,196.0,176.0
2018-01-09,199.0,180.0
2018-01-10,201.0,184.0
2018-01-11,199.0,182.0
2018-01-12,202.0,185.0
2018-01-13,183.0,164.0
2018-01-14,181.0,160.0
2018-01-15,206.0,188.0
2018-01-16,203.0,186.0
2018-01-17,210.0,193.0
2018-01-18,205.0,191.0
2018-01-19,203.0,187.0
2018-01-20,182.0,168.0
2018-01-21,180.0,157.0
2018-01-22,203.0,185.0
2018-01-23,197.0,183.0
2018-01-24,196.0,182.0
2018-01-25,195.0,181.0
2018-01-26,196.0,181.0
2018-01-27,175.0,159.0
2018-01-28,166.0,148.0
2018-01-29,195.0,178.0
2018-01-30,195.0,179.0
2018-01-31,195.0,179.0
2018-02-01,206.0,186.0
2018-02-02,203.0,185.0
2018-02-03,189.0,166.0
2018-02-04,185.0,156.0
2018-02-05,208.0,189.0
2018-02-06,204.0,190.0
2018-02-07,208.0,193.0
2018-02-08,206.0,192.0
2018-02-09,204.0,190.0
2018-02-10,188.0,169.0
2018-02-11,187.0,158.0
2018-02-12,205.0,188.0
2018-02-13,208.0,192.0
2018-02-14,207.0,193.0
2018-02-15,208.0,194.0
2018-02-16,199.0,185.0
2018-02-17,180.0,165.0
2018-02-18,180.0,158.0
2018-02-19,202.0,187.0
2018-02-20,207.0,190.0
2018-02-21,210.0,194.0
2018-02-22,215.0,199.0
2018-02-23,214.0,198.0
2018-02-24,191.0,174.0
2018-02-25,198.0,170.0
2018-02-26,224.0,206.0
2018-02-27,228.0,212.0
2018-02-28,226.0,210.0
2018-03-01,220.0,206.0
2018-03-02,218.0,202.0
2018-03-03,190.0,175.0
2018-03-04,178.0,156.0
2018-03-05,201.0,180.0
2018-03-06,206.0,185.0
2018-03-07,206.0,187.0
2018-03-08,201.0,182.0
2018-03-09,192.0,178.0
2018-03-10,174.0,156.0
2018-03-11,180.0,147.0
2018-03-12,195.0,176.0
2018-03-13,197.0,181.0
2018-03-14,193.0,176.0
2018-03-15,196.0,180.0
2018-03-16,195.0,175.0
2018-03-17,185.0,160.0
2018-03-18,185.0,155.0
2018-03-19,205.0,184.0
2018-03-20,211.0,192.0
2018-03-21,213.0,192.0
2018-03-22,205.0,190.0
2018-03-23,200.0,181.0
2018-03-24,183.0,157.0
2018-03-25,172.0,142.0
2018-03-26,193.0,176.0
2018-03-27,191.0,177.0
2018-03-28,187.0,174.0
2018-03-29,189.0,172.0
2018-03-30,167.0,146.0
2018-03-31,171.0,148.0
2018-04-01,167.0,139.0
2018-04-02,177.0,138.0
2018-04-03,182.0,163.0
2018-04-04,182.0,167.0
2018-04-05,182.0,168.0
2018-04-06,182.0,162.0
2018-04-07,162.0,136.0
2018-04-08,149.0,123.0
2018-04-09,168.0,155.0
2018-04-10,175.0,161.0
2018-04-11,172.0,160.0
2018-04-12,168.0,157.0
2018-04-13,169.0,156.0
2018-04-14,159.0,133.0
2018-04-15,153.0,122.0
2018-04-16,170.0,154.0
2018-04-17,172.0,153.0
2018-04-18,169.0,152.0
2018-04-19,167.0,150.0
2018-04-20,165.0,146.0
2018-04-21,156.0,123.0
2018-04-22,154.0,112.0
2018-04-23,165.0,145.0
2018-04-24,172.0,146.0
2018-04-25,171.0,147.0
2018-04-26,168.0,150.0
2018-04-27,162.0,147.0
2018-04-28,141.0,123.0
2018-04-29,147.0,114.0
2018-04-30,178.0,143.0
2018-05-01,173.0,141.0
2018-05-02,166.0,154.0
2018-05-03,168.0,156.0
2018-05-04,163.0,151.0
2018-05-05,150.0,125.0
2018-05-06,158.0,114.0
2018-05-07,165.0,146.0
2018-05-08,171.0,149.0
2018-05-09,163.0,146.0
2018-05-10,157.0,124.0
2018-05-11,145.0,132.0
2018-05-12,142.0,120.0
2018-05-13,160.0,117.0
2018-05-14,171.0,152.0
2018-05-15,170.0,156.0
2018-05-16,174.0,157.0
2018-05-17,176.0,154.0
2018-05-18,162.0,147.0
2018-05-19,144.0,124.0
2018-05-20,161.0,114.0
2018-05-21,156.0,118.0
2018-05-22,161.0,146.0
2018-05-23,162.0,148.0
2018-05-24,162.0,147.0
2018-05-25,158.0,145.0
2018-05-26,144.0,125.0
2018-05-27,160.0,116.0
2018-05-28,171.0,149.0
2018-05-29,174.0,150.0
2018-05-30,166.0,149.0
2018-05-31,164.0,142.0
2018-06-01,163.0,144.0
2018-06-02,145.0,122.0
2018-06-03,147.0,115.0
2018-06-04,166.0,147.0
2018-06-05,165.0,148.0
2018-06-06,170.0,149.0
2018-06-07,166.0,148.0
2018-06-08,162.0,148.0
2018-06-09,147.0,124.0
2018-06-10,153.0,115.0
2018-06-11,171.0,150.0
2018-06-12,173.0,151.0
2018-06-13,171.0,151.0
2018-06-14,172.0,147.0
2018-06-15,163.0,144.0
2018-06-16,148.0,123.0
2018-06-17,150.0,115.0
2018-06-18,166.0,146.0
2018-06-19,167.0,148.0
2018-06-20,168.0,150.0
2018-06-21,184.0,152.0
2018-06-22,190.0,145.0
2018-06-23,164.0,122.0
2018-06-24,145.0,113.0
2018-06-25,160.0,144.0
2018-06-26,160.0,145.0
2018-06-27,161.0,147.0
2018-06-28,165.0,148.0
2018-06-29,163.0,146.0
2018-06-30,150.0,124.0
2018-07-01,160.0,114.0
2018-07-02,167.0,147.0
2018-07-03,165.0,149.0
2018-07-04,162.0,148.0
2018-07-05,163.0,148.0
2018-07-06,163.0,147.0
2018-07-07,144.0,121.0
2018-07-08,137.0,111.0
2018-07-09,159.0,143.0
2018-07-10,160.0,146.0
2018-07-11,159.0,144.0
2018-07-12,158.0,144.0
2018-07-13,157.0,143.0
2018-07-14,140.0,122.0
2018-07-15,136.0,112.0
2018-07-16,157.0,141.0
2018-07-17,157.0,142.0
2018-07-18,159.0,142.0
2018-07-19,160.0,143.0
2018-07-20,156.0,141.0
2018-07-21,137.0,119.0
2018-07-22,130.0,108.0
2018-07-23,148.0,135.0
2018-07-24,148.0,136.0
2018-07-25,150.0,138.0
2018-07-26,154.0,138.0
2018-07-27,152.0,134.0
2018-07-28,142.0,117.0
2018-07-29,137.0,106.0
2018-07-30,148.0,132.0
2018-07-31,150.0,133.0
2018-08-01,130.0,114.0
2018-08-02,149.0,134.0
2018-08-03,148.0,136.0
2018-08-04,135.0,121.0
2018-08-05,139.0,112.0
2018-08-06,156.0,141.0
2018-08-07,158.0,143.0
2018-08-08,163.0,144.0
2018-08-09,164.0,143.0
2018-08-10,162.0,137.0
2018-08-11,148.0,117.0
2018-08-12,140.0,109.0
2018-08-13,158.0,142.0
2018-08-14,161.0,143.0
2018-08-15,156.0,135.0
2018-08-16,161.0,142.0
2018-08-17,158.0,143.0
2018-08-18,141.0,122.0
2018-08-19,141.0,113.0
2018-08-20,163.0,146.0
2018-08-21,163.0,148.0
2018-08-22,165.0,149.0
2018-08-23,168.0,151.0
2018-08-24,166.0,148.0
2018-08-25,145.0,125.0
2018-08-26,146.0,113.0
2018-08-27,159.0,144.0
2018-08-28,162.0,147.0
2018-08-29,168.0,151.0
2018-08-30,166.0,150.0
2018-08-31,169.0,151.0
2018-09-01,154.0,129.0
2018-09-02,146.0,119.0
2018-09-03,164.0,149.0
2018-09-04,163.0,149.0
2018-09-05,163.0,150.0
2018-09-06,164.0,148.0
2018-09-07,166.0,148.0
2018-09-08,153.0,124.0
2018-09-09,148.0,114.0
2018-09-10,165.0,147.0
2018-09-11,168.0,149.0
2018-09-12,170.0,151.0
2018-09-13,172.0,153.0
2018-09-14,171.0,149.0
2018-09-15,154.0,124.0
2018-09-16,154.0,116.0
2018-09-17,166.0,146.0
2018-09-18,170.0,151.0
2018-09-19,171.0,152.0
2018-09-20,169.0,151.0
2018-09-21,169.0,151.0
2018-09-22,145.0,126.0
2018-09-23,150.0,118.0
2018-09-24,172.0,150.0
2018-09-25,173.0,152.0
2018-09-26,168.0,153.0
2018-09-27,166.0,152.0
2018-09-28,166.0,150.0
2018-09-29,152.0,128.0
2018-09-30,144.0,119.0
2018-10-01,171.0,155.0
2018-10-02,168.0,156.0
2018-10-03,168.0,156.0
2018-10-04,168.0,154.0
2018-10-05,164.0,151.0
2018-10-06,143.0,128.0
2018-10-07,148.0,119.0
2018-10-08,164.0,151.0
2018-10-09,164.0,152.0
2018-10-10,165.0,152.0
2018-10-11,166.0,153.0
2018-10-12,165.0,150.0
2018-10-13,155.0,127.0
2018-10-14,151.0,118.0
2018-10-15,167.0,151.0
2018-10-16,166.0,153.0
2018-10-17,166.0,154.0
2018-10-18,165.0,153.0
2018-10-19,166.0,154.0
2018-10-20,148.0,132.0
2018-10-21,152.0,125.0
2018-10-22,175.0,159.0
2018-10-23,173.0,161.0
2018-10-24,174.0,160.0
2018-10-25,170.0,158.0
2018-10-26,172.0,159.0
2018-10-27,165.0,146.0
2018-10-28,174.0,142.0
2018-10-29,194.0,174.0
2018-10-30,193.0,176.0
2018-10-31,187.0,173.0
2018-11-01,188.0,158.0
2018-11-02,178.0,163.0
2018-11-03,159.0,142.0
2018-11-04,162.0,134.0
2018-11-05,184.0,164.0
2018-11-06,186.0,167.0
2018-11-07,184.0,166.0
2018-11-08,181.0,166.0
2018-11-09,180.0,166.0
2018-11-10,164.0,145.0
2018-11-11,160.0,132.0
2018-11-12,178.0,163.0
2018-11-13,187.0,169.0
2018-11-14,189.0,171.0
2018-11-15,191.0,173.0
2018-11-16,191.0,174.0
2018-11-17,180.0,156.0
2018-11-18,182.0,152.0
2018-11-19,206.0,189.0
2018-11-20,205.0,190.0
2018-11-21,204.0,189.0
2018-11-22,200.0,185.0
2018-11-23,200.0,184.0
2018-11-24,180.0,157.0
2018-11-25,181.0,152.0
2018-11-26,204.0,185.0
2018-11-27,208.0,189.0
2018-11-28,208.0,188.0
2018-11-29,204.0,186.0
2018-11-30,204.0,184.0
2018-12-01,176.0,159.0
2018-12-02,175.0,149.0
2018-12-03,198.0,175.0
2018-12-04,200.0,178.0
2018-12-05,201.0,181.0
2018-12-06,198.0,179.0
2018-12-07,193.0,175.0
2018-12-08,182.0,158.0
2018-12-09,181.0,150.0
2018-12-10,205.0,186.0
2018-12-11,207.0,191.0
2018-12-12,212.0,198.0
2018-12-13,214.0,199.0
2018-12-14,209.0,196.0
2018-12-15,194.0,176.0
2018-12-16,182.0,163.0
2018-12-17,208.0,190.0
2018-12-18,211.0,194.0
2018-12-19,206.0,192.0
2018-12-20,198.0,183.0
2018-12-21,193.0,174.0
2018-12-22,181.0,149.0
2018-12-23,181.0,141.0
2018-12-24,184.0,148.0
2018-12-25,182.0,144.0
2018-12-26,173.0,151.0
2018-12-27,180.0,163.0
2018-12-28,180.0,163.0
2018-12-29,178.0,157.0
2018-12-30,169.0,146.0
2018-12-31,171.0,152.0
2019-01-01,176.0,142.0
2019-01-02,178.0,158.0
2019-01-03,194.0,178.0
2019-01-04,196.0,180.0
2019-01-05,185.0,168.0
2019-01-06,183.0,156.0
2019-01-07,208.0,187.0
2019-01-08,211.0,191.0
2019-01-09,211.0,195.0
2019-01-10,211.0,197.0
2019-01-11,210.0,196.0
2019-01-12,191.0,172.0
2019-01-13,190.0,160.0
2019-01-14,206.0,188.0
2019-01-15,207.0,191.0
2019-01-16,211.0,191.0
2019-01-17,210.0,192.0
2019-01-18,207.0,193.0
2019-01-19,190.0,175.0
2019-01-20,184.0,164.0
2019-01-21,207.0,193.0
2019-01-22,212.0,199.0
2019-01-23,214.0,198.0
2019-01-24,212.0,199.0
2019-01-25,209.0,197.0
2019-01-26,192.0,171.0
2019-01-27,190.0,159.0
2019-01-28,210.0,192.0
2019-01-29,206.0,193.0
2019-01-30,209.0,194.0
2019-01-31,210.0,196.0
2019-02-01,208.0,193.0
2019-02-02,190.0,169.0
2019-02-03,183.0,163.0
2019-02-04,208.0,193.0
2019-02-05,211.0,197.0
2019-02-06,215.0,199.0
2019-02-07,211.0,197.0
2019-02-08,202.0,189.0
2019-02-09,183.0,163.0
2019-02-10,183.0,153.0
2019-02-11,206.0,188.0
2019-02-12,203.0,189.0
2019-02-13,202.0,187.0
2019-02-14,199.0,185.0
2019-02-15,197.0,181.0
2019-02-16,177.0,158.0
2019-02-17,175.0,147.0
2019-02-18,193.0,176.0
2019-02-19,191.0,177.0
2019-02-20,189.0,177.0
2019-02-21,189.0,176.0
2019-02-22,191.0,173.0
2019-02-23,179.0,154.0
2019-02-24,175.0,146.0
2019-02-25,190.0,174.0
2019-02-26,191.0,175.0
2019-02-27,187.0,171.0
2019-02-28,184.0,168.0
2019-03-01,185.0,173.0
2019-03-02,166.0,152.0
2019-03-03,174.0,139.0
2019-03-04,192.0,174.0
2019-03-05,190.0,174.0
2019-03-06,193.0,175.0
2019-03-07,203.0,175.0
2019-03-08,194.0,175.0
2019-03-09,183.0,152.0
2019-03-10,176.0,140.0
2019-03-11,197.0,179.0
2019-03-12,196.0,178.0
2019-03-13,199.0,178.0
2019-03-14,203.0,184.0
2019-03-15,201.0,177.0
2019-03-16,179.0,145.0
2019-03-17,174.0,140.0
2019-03-18,190.0,174.0
2019-03-19,184.0,174.0
2019-03-20,187.0,175.0
2019-03-21,186.0,172.0
2019-03-22,180.0,167.0
2019-03-23,163.0,142.0
2019-03-24,160.0,130.0
2019-03-25,184.0,165.0
2019-03-26,185.0,171.0
2019-03-27,181.0,169.0
2019-03-28,176.0,168.0
2019-03-29,177.0,163.0
2019-03-30,158.0,140.0
2019-03-31,156.0,127.0
2019-04-01,176.0,158.0
2019-04-02,175.0,158.0
2019-04-03,177.0,165.0
2019-04-04,191.0,179.0
2019-04-05,181.0,171.0
2019-04-06,157.0,145.0
2019-04-07,160.0,135.0
2019-04-08,172.0,161.0
2019-04-09,178.0,162.0
2019-04-10,179.0,164.0
2019-04-11,181.0,167.0
2019-04-12,174.0,163.0
2019-04-13,158.0,145.0
2019-04-14,161.0,142.0
2019-04-15,176.0,163.0
2019-04-16,175.0,161.0
2019-04-17,173.0,157.0
2019-04-18,166.0,149.0
2019-04-19,151.0,122.0
2019-04-20,151.0,120.0
2019-04-21,150.0,111.0
2019-04-22,162.0,116.0
2019-04-23,165.0,145.0
2019-04-24,171.0,149.0
2019-04-25,160.0,149.0
2019-04-26,170.0,156.0
2019-04-27,162.0,136.0
2019-04-28,155.0,129.0
2019-04-29,170.0,160.0
2019-04-30,167.0,157.0
2019-05-01,183.0,143.0
2019-05-02,171.0,155.0
2019-05-03,168.0,157.0
2019-05-04,165.0,141.0
2019-05-05,169.0,136.0
2019-05-06,175.0,162.0
2019-05-07,170.0,159.0
2019-05-08,176.0,164.0
2019-05-09,172.0,160.0
2019-05-10,165.0,153.0
2019-05-11,159.0,135.0
2019-05-12,150.0,126.0
2019-05-13,175.0,156.0
2019-05-14,174.0,156.0
2019-05-15,177.0,159.0
2019-05-16,168.0,157.0
2019-05-17,164.0,154.0
2019-05-18,149.0,131.0
2019-05-19,150.0,123.0
2019-05-20,175.0,159.0
2019-05-21,178.0,160.0
2019-05-22,171.0,153.0
2019-05-23,169.0,150.0
2019-05-24,164.0,146.0
2019-05-25,147.0,128.0
2019-05-26,166.0,117.0
2019-05-27,167.0,147.0
2019-05-28,165.0,154.0
2019-05-29,166.0,151.0
2019-05-30,161.0,120.0
2019-05-31,148.0,129.0
2019-06-01,153.0,118.0
2019-06-02,155.0,112.0
2019-06-03,165.0,145.0
2019-06-04,166.0,145.0
2019-06-05,169.0,147.0
2019-06-06,168.0,147.0
2019-06-07,164.0,144.0
2019-06-08,162.0,119.0
2019-06-09,151.0,113.0
2019-06-10,152.0,120.0
2019-06-11,171.0,147.0
2019-06-12,169.0,146.0
2019-06-13,175.0,144.0
2019-06-14,166.0,144.0
2019-06-15,166.0,122.0
2019-06-16,151.0,112.0
2019-06-17,165.0,142.0
2019-06-18,167.0,146.0
2019-06-19,164.0,147.0
2019-06-20,163.0,140.0
2019-06-21,167.0,143.0
2019-06-22,160.0,123.0
2019-06-23,159.0,113.0
2019-06-24,171.0,146.0
2019-06-25,173.0,150.0
2019-06-26,172.0,153.0
2019-06-27,175.0,155.0
2019-06-28,170.0,151.0
2019-06-29,162.0,127.0
2019-06-30,160.0,119.0
2019-07-01,174.0,152.0
2019-07-02,173.0,150.0
2019-07-03,167.0,148.0
2019-07-04,165.0,147.0
2019-07-05,163.0,146.0
2019-07-06,143.0,124.0
2019-07-07,145.0,113.0
2019-07-08,162.0,143.0
2019-07-09,160.0,142.0
2019-07-10,164.0,141.0
2019-07-11,160.0,143.0
2019-07-12,157.0,141.0
2019-07-13,151.0,117.0
2019-07-14,138.0,108.0
2019-07-15,157.0,138.0
2019-07-16,158.0,138.0
2019-07-17,156.0,138.0
2019-07-18,157.0,139.0
2019-07-19,150.0,136.0
2019-07-20,153.0,117.0
2019-07-21,153.0,109.0
2019-07-22,154.0,137.0
2019-07-23,154.0,140.0
2019-07-24,160.0,141.0
2019-07-25,155.0,141.0
2019-07-26,153.0,138.0
2019-07-27,151.0,116.0
2019-07-28,152.0,108.0
2019-07-29,151.0,128.0
2019-07-30,145.0,130.0
2019-07-31,144.0,128.0
2019-08-01,120.0,108.0
2019-08-02,135.0,123.0
2019-08-03,124.0,111.0
2019-08-04,134.0,105.0
2019-08-05,147.0,135.0
2019-08-06,154.0,141.0
2019-08-07,156.0,140.0
2019-08-08,163.0,136.0
2019-08-09,150.0,137.0
2019-08-10,159.0,120.0
2019-08-11,151.0,110.0
2019-08-12,161.0,140.0
2019-08-13,162.0,139.0
2019-08-14,155.0,138.0
2019-08-15,153.0,134.0
2019-08-16,148.0,136.0
2019-08-17,139.0,119.0
2019-08-18,138.0,112.0
2019-08-19,167.0,145.0
2019-08-20,166.0,149.0
2019-08-21,159.0,143.0
2019-08-22,162.0,145.0
2019-08-23,157.0,144.0
2019-08-24,140.0,122.0
2019-08-25,136.0,113.0
2019-08-26,157.0,145.0
2019-08-27,161.0,148.0
2019-08-28,163.0,151.0
2019-08-29,163.0,151.0
2019-08-30,161.0,148.0
2019-08-31,155.0,125.0
2019-09-01,150.0,117.0
2019-09-02,166.0,147.0
2019-09-03,161.0,146.0
2019-09-04,159.0,146.0
2019-09-05,164.0,150.0
2019-09-06,164.0,150.0
2019-09-07,136.0,125.0
2019-09-08,136.0,122.0
2019-09-09,160.0,148.0
2019-09-10,167.0,150.0
2019-09-11,169.0,149.0
2019-09-12,165.0,148.0
2019-09-13,161.0,146.0
2019-09-14,147.0,123.0
2019-09-15,151.0,115.0
2019-09-16,161.0,144.0
2019-09-17,167.0,148.0
2019-09-18,166.0,147.0
2019-09-19,167.0,148.0
2019-09-20,167.0,146.0
2019-09-21,158.0,123.0
2019-09-22,155.0,115.0
2019-09-23,167.0,147.0
2019-09-24,165.0,151.0
2019-09-25,164.0,149.0
2019-09-26,170.0,152.0
2019-09-27,167.0,147.0
2019-09-28,150.0,124.0
2019-09-29,158.0,115.0
2019-09-30,165.0,145.0
2019-10-01,168.0,149.0
2019-10-02,174.0,152.0
2019-10-03,177.0,154.0
2019-10-04,176.0,157.0
2019-10-05,158.0,132.0
2019-10-06,159.0,125.0
2019-10-07,171.0,153.0
2019-10-08,175.0,154.0
2019-10-09,182.0,160.0
2019-10-10,178.0,158.0
2019-10-11,178.0,154.0
2019-10-12,156.0,130.0
2019-10-13,149.0,119.0
2019-10-14,168.0,150.0
2019-10-15,176.0,158.0
2019-10-16,177.0,156.0
2019-10-17,174.0,155.0
2019-10-18,176.0,155.0
2019-10-19,163.0,133.0
2019-10-20,153.0,123.0
2019-10-21,177.0,156.0
2019-10-22,178.0,157.0
2019-10-23,176.0,156.0
2019-10-24,177.0,156.0
2019-10-25,173.0,154.0
2019-10-26,158.0,131.0
2019-10-27,143.0,122.0
2019-10-28,176.0,157.0
2019-10-29,177.0,163.0
2019-10-30,179.0,165.0
2019-10-31,178.0,164.0
2019-11-01,172.0,151.0
2019-11-02,161.0,136.0
2019-11-03,154.0,132.0
2019-11-04,178.0,162.0
2019-11-05,180.0,165.0
2019-11-06,183.0,169.0
2019-11-07,189.0,174.0
2019-11-08,191.0,175.0
2019-11-09,171.0,154.0
2019-11-10,171.0,147.0
2019-11-11,195.0,178.0
2019-11-12,196.0,178.0
2019-11-13,198.0,182.0
2019-11-14,199.0,183.0
2019-11-15,194.0,179.0
2019-11-16,173.0,156.0
2019-11-17,175.0,152.0
2019-11-18,196.0,180.0
2019-11-19,196.0,184.0
2019-11-20,193.0,181.0
2019-11-21,197.0,182.0
2019-11-22,194.0,179.0
2019-11-23,170.0,154.0
2019-11-24,170.0,144.0
2019-11-25,193.0,174.0
2019-11-26,196.0,176.0
2019-11-27,197.0,175.0
2019-11-28,200.0,178.0
2019-11-29,199.0,178.0
2019-11-30,189.0,159.0
2019-12-01,181.0,153.0
2019-12-02,207.0,187.0
2019-12-03,207.0,192.0
2019-12-04,207.0,192.0
2019-12-05,204.0,192.0
2019-12-06,201.0,187.0
2019-12-07,174.0,158.0
2019-12-08,176.0,147.0
2019-12-09,201.0,181.0
2019-12-10,202.0,188.0
2019-12-11,208.0,194.0
2019-12-12,205.0,192.0
2019-12-13,204.0,189.0
2019-12-14,179.0,159.0
2019-12-15,172.0,146.0
2019-12-16,195.0,177.0
2019-12-17,194.0,177.0
2019-12-18,197.0,173.0
2019-12-19,195.0,174.0
2019-12-20,190.0,168.0
2019-12-21,173.0,148.0
2019-12-22,169.0,142.0
2019-12-23,181.0,157.0
2019-12-24,176.0,152.0
2019-12-25,164.0,135.0
2019-12-26,162.0,144.0
2019-12-27,168.0,152.0
2019-12-28,167.0,149.0
2019-12-29,170.0,147.0
2019-12-30,180.0,161.0
2019-12-31,172.0,158.0
2020-01-01,173.0,147.0
2020-01-02,174.0,156.0
2020-01-03,178.0,161.0
2020-01-04,172.0,150.0
2020-01-05,173.0,147.0
2020-01-06,197.0,178.0
2020-01-07,197.0,181.0
2020-01-08,196.0,182.0
2020-01-09,191.0,179.0
2020-01-10,190.0,176.0
2020-01-11,175.0,158.0
2020-01-12,177.0,152.0
2020-01-13,199.0,184.0
2020-01-14,197.0,184.0
2020-01-15,194.0,180.0
2020-01-16,193.0,180.0
2020-01-17,197.0,183.0
2020-01-18,176.0,161.0
2020-01-19,182.0,158.0
2020-01-20,209.0,190.0
2020-01-21,211.0,194.0
2020-01-22,208.0,193.0
2020-01-23,214.0,196.0
2020-01-24,206.0,191.0
2020-01-25,181.0,166.0
2020-01-26,180.0,155.0
2020-01-27,202.0,181.0
2020-01-28,204.0,186.0
2020-01-29,203.0,186.0
2020-01-30,201.0,182.0
2020-01-31,192.0,174.0
2020-02-01,173.0,152.0
2020-02-02,176.0,143.0
2020-02-03,196.0,170.0
2020-02-04,205.0,182.0
2020-02-05,207.0,185.0
2020-02-06,207.0,188.0
2020-02-07,198.0,184.0
2020-02-08,175.0,160.0
2020-02-09,170.0,146.0
2020-02-10,190.0,169.0
2020-02-11,198.0,178.0
2020-02-12,196.0,180.0
2020-02-13,196.0,183.0
2020-02-14,193.0,177.0
2020-02-15,172.0,154.0
2020-02-16,163.0,141.0
2020-02-17,189.0,173.0
2020-02-18,190.0,176.0
2020-02-19,196.0,181.0
2020-02-20,191.0,176.0
2020-02-21,187.0,173.0
2020-02-22,172.0,150.0
2020-02-23,169.0,136.0
2020-02-24,180.0,159.0
2020-02-25,189.0,171.0
2020-02-26,200.0,183.0
2020-02-27,205.0,187.0
2020-02-28,192.0,177.0
2020-02-29,170.0,152.0
2020-03-01,178.0,141.0
2020-03-02,197.0,177.0
2020-03-03,196.0,180.0
2020-03-04,192.0,177.0
2020-03-05,197.0,183.0
2020-03-06,197.0,179.0
2020-03-07,173.0,158.0
2020-03-08,176.0,145.0
2020-03-09,192.0,176.0
2020-03-10,199.0,184.0
2020-03-11,186.0,169.0
2020-03-12,183.0,166.0
2020-03-13,186.0,167.0
2020-03-14,171.0,148.0
2020-03-15,171.0,135.0
2020-03-16,180.0,159.0
2020-03-17,175.0,156.0
2020-03-18,168.0,151.0
2020-03-19,159.0,147.0
2020-03-20,157.0,147.0
2020-03-21,165.0,135.0
2020-03-22,165.0,134.0
2020-03-23,184.0,160.0
2020-03-24,173.0,162.0
2020-03-25,175.0,162.0
2020-03-26,174.0,163.0
2020-03-27,165.0,156.0
2020-03-28,160.0,132.0
2020-03-29,164.0,131.0
2020-03-30,175.0,165.0
2020-03-31,171.0,161.0
2020-04-01,172.0,157.0
2020-04-02,163.0,151.0
2020-04-03,159.0,147.0
2020-04-04,152.0,130.0
2020-04-05,161.0,121.0
2020-04-06,162.0,140.0
2020-04-07,153.0,139.0
2020-04-08,147.0,137.0
2020-04-09,146.0,134.0
2020-04-10,132.0,114.0
2020-04-11,138.0,114.0
2020-04-12,140.0,106.0
2020-04-13,151.0,110.0
2020-04-14,154.0,138.0
2020-04-15,157.0,140.0
2020-04-16,149.0,138.0
2020-04-17,145.0,133.0
2020-04-18,140.0,117.0
2020-04-19,153.0,110.0
2020-04-20,171.0,135.0
2020-04-21,176.0,139.0
2020-04-22,159.0,136.0
2020-04-23,149.0,135.0
2020-04-24,150.0,133.0
2020-04-25,142.0,116.0
2020-04-26,143.0,111.0
2020-04-27,151.0,134.0
2020-04-28,154.0,142.0
2020-04-29,157.0,141.0
2020-04-30,170.0,145.0
2020-05-01,175.0,134.0
2020-05-02,163.0,124.0
2020-05-03,149.0,112.0
2020-05-04,146.0,134.0
2020-05-05,157.0,143.0
2020-05-06,160.0,140.0
2020-05-07,160.0,137.0
2020-05-08,152.0,134.0
2020-05-09,140.0,115.0
2020-05-10,151.0,109.0
2020-05-11,171.0,145.0
2020-05-12,162.0,148.0
2020-05-13,168.0,151.0
2020-05-14,169.0,150.0
2020-05-15,167.0,148.0
2020-05-16,160.0,123.0
2020-05-17,153.0,112.0
2020-05-18,157.0,137.0
2020-05-19,157.0,138.0
2020-05-20,150.0,135.0
2020-05-21,143.0,113.0
2020-05-22,151.0,125.0
2020-05-23,169.0,120.0
2020-05-24,159.0,110.0
2020-05-25,160.0,137.0
2020-05-26,151.0,139.0
2020-05-27,152.0,139.0
2020-05-28,157.0,140.0
2020-05-29,152.0,137.0
2020-05-30,162.0,119.0
2020-05-31,162.0,109.0
2020-06-01,154.0,113.0
2020-06-02,152.0,138.0
2020-06-03,152.0,140.0
2020-06-04,163.0,145.0
2020-06-05,174.0,143.0
2020-06-06,167.0,123.0
2020-06-07,159.0,118.0
2020-06-08,162.0,144.0
2020-06-09,166.0,150.0
2020-06-10,167.0,148.0
2020-06-11,167.0,136.0
2020-06-12,166.0,135.0
2020-06-13,154.0,119.0
2020-06-14,140.0,113.0
2020-06-15,155.0,140.0
2020-06-16,152.0,140.0
2020-06-17,159.0,145.0
2020-06-18,161.0,142.0
2020-06-19,158.0,142.0
2020-06-20,148.0,119.0
2020-06-21,148.0,109.0
2020-06-22,155.0,137.0
2020-06-23,152.0,137.0
2020-06-24,157.0,140.0
2020-06-25,160.0,142.0
2020-06-26,160.0,142.0
2020-06-27,157.0,120.0
2020-06-28,149.0,112.0
2020-06-29,161.0,140.0
2020-06-30,160.0,141.0
2020-07-01,163.0,144.0
2020-07-02,161.0,145.0
2020-07-03,158.0,141.0
2020-07-04,162.0,118.0
2020-07-05,149.0,110.0
2020-07-06,164.0,142.0
2020-07-07,158.0,141.0
2020-07-08,159.0,142.0
2020-07-09,158.0,143.0
2020-07-10,157.0,141.0
2020-07-11,154.0,120.0
2020-07-12,155.0,109.0
2020-07-13,157.0,137.0
2020-07-14,154.0,139.0
2020-07-15,157.0,141.0
2020-07-16,156.0,141.0
2020-07-17,151.0,136.0
2020-07-18,144.0,114.0
2020-07-19,137.0,105.0
2020-07-20,150.0,132.0
2020-07-21,154.0,136.0
2020-07-22,154.0,136.0
2020-07-23,150.0,135.0
2020-07-24,147.0,131.0
2020-07-25,142.0,112.0
2020-07-26,135.0,105.0
2020-07-27,146.0,129.0
2020-07-28,154.0,134.0
2020-07-29,150.0,132.0
2020-07-30,151.0,133.0
2020-07-31,148.0,133.0
2020-08-01,141.0,113.0
2020-08-02,148.0,110.0
2020-08-03,156.0,135.0
2020-08-04,157.0,135.0
2020-08-05,160.0,132.0
2020-08-06,152.0,133.0
2020-08-07,149.0,132.0
2020-08-08,146.0,117.0
2020-08-09,151.0,109.0
2020-08-10,160.0,140.0
2020-08-11,161.0,144.0
2020-08-12,162.0,145.0
2020-08-13,161.0,144.0
2020-08-14,156.0,141.0
2020-08-15,148.0,119.0
2020-08-16,153.0,112.0
2020-08-17,160.0,141.0
2020-08-18,153.0,140.0
2020-08-19,155.0,141.0
2020-08-20,167.0,145.0
2020-08-21,172.0,145.0
2020-08-22,159.0,124.0
2020-08-23,152.0,112.0
2020-08-24,159.0,140.0
2020-08-25,158.0,143.0
2020-08-26,164.0,146.0
2020-08-27,159.0,145.0
2020-08-28,165.0,145.0
2020-08-29,162.0,126.0
2020-08-30,170.0,121.0
2020-08-31,162.0,144.0
2020-09-01,160.0,145.0
2020-09-02,161.0,146.0
2020-09-03,163.0,145.0
2020-09-04,160.0,143.0
2020-09-05,149.0,121.0
2020-09-06,154.0,117.0
2020-09-07,164.0,144.0
2020-09-08,162.0,145.0
2020-09-09,159.0,146.0
2020-09-10,158.0,145.0
2020-09-11,159.0,143.0
2020-09-12,152.0,123.0
2020-09-13,145.0,114.0
2020-09-14,161.0,144.0
2020-09-15,161.0,147.0
2020-09-16,161.0,147.0
2020-09-17,167.0,147.0
2020-09-18,166.0,146.0
2020-09-19,155.0,126.0
2020-09-20,149.0,117.0
2020-09-21,159.0,143.0
2020-09-22,157.0,146.0
2020-09-23,163.0,147.0
2020-09-24,169.0,149.0
2020-09-25,177.0,154.0
2020-09-26,172.0,135.0
2020-09-27,162.0,126.0
2020-09-28,169.0,152.0
2020-09-29,172.0,158.0
2020-09-30,168.0,154.0
2020-10-01,176.0,156.0
2020-10-02,176.0,155.0
2020-10-03,175.0,136.0
2020-10-04,173.0,125.0
2020-10-05,186.0,157.0
2020-10-06,184.0,159.0
2020-10-07,180.0,159.0
2020-10-08,173.0,155.0
2020-10-09,165.0,151.0
2020-10-10,161.0,136.0
2020-10-11,160.0,130.0
2020-10-12,180.0,161.0
2020-10-13,181.0,163.0
2020-10-14,180.0,162.0
2020-10-15,187.0,169.0
2020-10-16,181.0,165.0
2020-10-17,159.0,143.0
2020-10-18,160.0,133.0
2020-10-19,183.0,164.0
2020-10-20,181.0,165.0
2020-10-21,179.0,163.0
2020-10-22,177.0,162.0
2020-10-23,180.0,162.0
2020-10-24,180.0,138.0
2020-10-25,164.0,130.0
2020-10-26,192.0,169.0
2020-10-27,183.0,167.0
2020-10-28,184.0,165.0
2020-10-29,186.0,166.0
2020-10-30,177.0,159.0
2020-10-31,158.0,141.0
2020-11-01,166.0,133.0
2020-11-02,174.0,154.0
2020-11-03,179.0,162.0
2020-11-04,181.0,167.0
2020-11-05,181.0,167.0
2020-11-06,177.0,164.0
2020-11-07,161.0,145.0
2020-11-08,151.0,135.0
2020-11-09,177.0,163.0
2020-11-10,180.0,167.0
2020-11-11,182.0,167.0
2020-11-12,180.0,165.0
2020-11-13,179.0,165.0
2020-11-14,163.0,145.0
2020-11-15,165.0,135.0
2020-11-16,182.0,165.0
2020-11-17,185.0,168.0
2020-11-18,186.0,170.0
2020-11-19,189.0,174.0
2020-11-20,191.0,177.0
2020-11-21,180.0,161.0
2020-11-22,168.0,150.0
2020-11-23,191.0,177.0
2020-11-24,195.0,182.0
2020-11-25,200.0,184.0
2020-11-26,199.0,185.0
2020-11-27,198.0,184.0
2020-11-28,182.0,166.0
2020-11-29,178.0,160.0
2020-11-30,209.0,191.0
2020-12-01,213.0,195.0
2020-12-02,210.0,195.0
2020-12-03,208.0,193.0
2020-12-04,208.0,191.0
2020-12-05,193.0,171.0
2020-12-06,190.0,162.0
2020-12-07,207.0,189.0
2020-12-08,209.0,190.0
2020-12-09,213.0,196.0
2020-12-10,211.0,197.0
2020-12-11,211.0,196.0
2020-12-12,183.0,169.0
2020-12-13,179.0,158.0
2020-12-14,203.0,185.0
2020-12-15,202.0,186.0
2020-12-16,198.0,184.0
2020-12-17,194.0,182.0
2020-12-18,191.0,177.0
2020-12-19,176.0,161.0
2020-12-20,171.0,150.0
2020-12-21,188.0,170.0
2020-12-22,180.0,163.0
2020-12-23,176.0,157.0
2020-12-24,178.0,150.0
2020-12-25,170.0,147.0
2020-12-26,190.0,153.0
2020-12-27,189.0,152.0
2020-12-28,183.0,164.0
2020-12-29,183.0,163.0
2020-12-30,186.0,165.0
2020-12-31,188.0,163.0
2021-01-01,179.0,149.0
2021-01-02,184.0,156.0
2021-01-03,185.0,154.0
2021-01-04,199.0,183.0
2021-01-05,207.0,190.0
2021-01-06,206.0,189.0
2021-01-07,203.0,189.0
2021-01-08,204.0,190.0
2021-01-09,192.0,175.0
2021-01-10,188.0,167.0
2021-01-11,215.0,198.0
2021-01-12,215.0,200.0
2021-01-13,207.0,192.0
2021-01-14,217.0,192.0
2021-01-15,213.0,194.0
2021-01-16,196.0,181.0
2021-01-17,189.0,168.0
2021-01-18,210.0,193.0
2021-01-19,208.0,195.0
2021-01-20,210.0,193.0
2021-01-21,211.0,187.0
2021-01-22,203.0,182.0
2021-01-23,196.0,168.0
2021-01-24,192.0,160.0
2021-01-25,210.0,192.0
2021-01-26,211.0,195.0
2021-01-27,216.0,199.0
2021-01-28,210.0,189.0
2021-01-29,204.0,182.0
2021-01-30,185.0,165.0
2021-01-31,184.0,153.0
2021-02-01,203.0,181.0
2021-02-02,197.0,179.0
2021-02-03,199.0,179.0
2021-02-04,196.0,178.0
2021-02-05,190.0,175.0
2021-02-06,171.0,157.0
2021-02-07,175.0,152.0
2021-02-08,198.0,181.0
2021-02-09,203.0,187.0
2021-02-10,208.0,192.0
2021-02-11,215.0,200.0
2021-02-12,218.0,204.0
2021-02-13,203.0,187.0
2021-02-14,199.0,176.0
2021-02-15,211.0,194.0
2021-02-16,200.0,183.0
2021-02-17,196.0,178.0
2021-02-18,199.0,181.0
2021-02-19,190.0,172.0
2021-02-20,174.0,152.0
2021-02-21,173.0,142.0
2021-02-22,187.0,169.0
2021-02-23,185.0,170.0
2021-02-24,184.0,168.0
2021-02-25,180.0,165.0
2021-02-26,178.0,164.0
2021-02-27,168.0,151.0
2021-02-28,174.0,144.0
2021-03-01,186.0,170.0
2021-03-02,182.0,171.0
2021-03-03,184.0,174.0
2021-03-04,181.0,170.0
2021-03-05,189.0,174.0
2021-03-06,169.0,157.0
2021-03-07,169.0,147.0
2021-03-08,184.0,170.0
2021-03-09,185.0,175.0
2021-03-10,183.0,172.0
2021-03-11,180.0,169.0
2021-03-12,180.0,167.0
2021-03-13,175.0,150.0
2021-03-14,187.0,150.0
2021-03-15,199.0,182.0
2021-03-16,193.0,181.0
2021-03-17,198.0,184.0
2021-03-18,193.0,182.0
2021-03-19,188.0,177.0
2021-03-20,180.0,161.0
2021-03-21,184.0,152.0
2021-03-22,195.0,177.0
2021-03-23,187.0,173.0
2021-03-24,185.0,167.0
2021-03-25,179.0,164.0
2021-03-26,175.0,161.0
2021-03-27,166.0,146.0
2021-03-28,163.0,133.0
2021-03-29,176.0,157.0
2021-03-30,172.0,155.0
2021-03-31,171.0,153.0
2021-04-01,165.0,148.0
2021-04-02,146.0,124.0
2021-04-03,168.0,135.0
2021-04-04,160.0,125.0
2021-04-05,158.0,133.0
2021-04-06,183.0,170.0
2021-04-07,187.0,177.0
2021-04-08,177.0,166.0
2021-04-09,172.0,160.0
2021-04-10,154.0,137.0
2021-04-11,154.0,128.0
2021-04-12,185.0,171.0
2021-04-13,189.0,171.0
2021-04-14,188.0,169.0
2021-04-15,184.0,170.0
2021-04-16,181.0,166.0
2021-04-17,168.0,145.0
2021-04-18,166.0,137.0
2021-04-19,175.0,162.0
2021-04-20,176.0,159.0
2021-04-21,170.0,158.0
2021-04-22,169.0,156.0
2021-04-23,172.0,153.0
2021-04-24,166.0,131.0
2021-04-25,160.0,120.0
2021-04-26,169.0,151.0
2021-04-27,165.0,151.0
2021-04-28,167.0,153.0
2021-04-29,169.0,156.0
2021-04-30,170.0,158.0
2021-05-01,168.0,141.0
2021-05-02,164.0,133.0
2021-05-03,176.0,156.0
2021-05-04,183.0,154.0
2021-05-05,179.0,160.0
2021-05-06,173.0,164.0
2021-05-07,178.0,161.0
2021-05-08,170.0,133.0
2021-05-09,160.0,117.0
2021-05-10,171.0,149.0
2021-05-11,174.0,156.0
2021-05-12,168.0,151.0
2021-05-13,147.0,130.0
2021-05-14,153.0,139.0
2021-05-15,159.0,133.0
2021-05-16,163.0,127.0
2021-05-17,171.0,154.0
2021-05-18,168.0,154.0
2021-05-19,171.0,157.0
2021-05-20,173.0,152.0
2021-05-21,185.0,157.0
2021-05-22,171.0,131.0
2021-05-23,159.0,118.0
2021-05-24,158.0,127.0
2021-05-25,169.0,151.0
2021-05-26,166.0,151.0
2021-05-27,166.0,153.0
2021-05-28,163.0,145.0
2021-05-29,156.0,124.0
2021-05-30,160.0,116.0
2021-05-31,165.0,143.0
2021-06-01,161.0,144.0
2021-06-02,167.0,147.0
2021-06-03,157.0,140.0
2021-06-04,156.0,143.0
2021-06-05,147.0,125.0
2021-06-06,149.0,117.0
2021-06-07,162.0,147.0
2021-06-08,163.0,147.0
2021-06-09,164.0,147.0
2021-06-10,165.0,144.0
2021-06-11,158.0,143.0
2021-06-12,158.0,122.0
2021-06-13,157.0,112.0
2021-06-14,164.0,142.0
2021-06-15,163.0,146.0
2021-06-16,165.0,146.0
2021-06-17,170.0,149.0
2021-06-18,170.0,148.0
2021-06-19,152.0,127.0
2021-06-20,160.0,118.0
2021-06-21,168.0,144.0
2021-06-22,166.0,145.0
2021-06-23,161.0,145.0
2021-06-24,162.0,147.0
2021-06-25,160.0,143.0
2021-06-26,149.0,121.0
2021-06-27,152.0,114.0
2021-06-28,164.0,145.0
2021-06-29,162.0,146.0
2021-06-30,161.0,145.0
2021-07-01,163.0,145.0
2021-07-02,157.0,141.0
2021-07-03,151.0,123.0
2021-07-04,147.0,116.0
2021-07-05,162.0,143.0
2021-07-06,169.0,147.0
2021-07-07,167.0,148.0
2021-07-08,166.0,150.0
2021-07-09,160.0,143.0
2021-07-10,145.0,121.0
2021-07-11,142.0,112.0
2021-07-12,158.0,140.0
2021-07-13,162.0,147.0
2021-07-14,161.0,145.0
2021-07-15,162.0,147.0
2021-07-16,154.0,141.0
2021-07-17,150.0,121.0
2021-07-18,155.0,111.0
2021-07-19,156.0,135.0
2021-07-20,153.0,137.0
2021-07-21,153.0,138.0
2021-07-22,153.0,139.0
2021-07-23,152.0,137.0
2021-07-24,149.0,121.0
2021-07-25,147.0,111.0
2021-07-26,148.0,133.0
2021-07-27,147.0,133.0
2021-07-28,158.0,134.0
2021-07-29,164.0,130.0
2021-07-30,160.0,130.0
2021-07-31,160.0,115.0
2021-08-01,151.0,109.0
2021-08-02,146.0,127.0
2021-08-03,145.0,132.0
2021-08-04,146.0,134.0
2021-08-05,149.0,132.0
2021-08-06,154.0,129.0
2021-08-07,159.0,118.0
2021-08-08,151.0,109.0
2021-08-09,157.0,132.0
2021-08-10,149.0,135.0
2021-08-11,151.0,138.0
2021-08-12,153.0,140.0
2021-08-13,157.0,140.0
2021-08-14,153.0,124.0
2021-08-15,146.0,116.0
2021-08-16,177.0,144.0
2021-08-17,175.0,141.0
2021-08-18,164.0,142.0
2021-08-19,158.0,143.0
2021-08-20,153.0,140.0
2021-08-21,136.0,121.0
2021-08-22,144.0,116.0
2021-08-23,160.0,142.0
2021-08-24,163.0,145.0
2021-08-25,161.0,147.0
2021-08-26,158.0,145.0
2021-08-27,156.0,143.0
2021-08-28,143.0,125.0
2021-08-29,144.0,118.0
2021-08-30,163.0,146.0
2021-08-31,164.0,148.0
2021-09-01,163.0,147.0
2021-09-02,163.0,147.0
2021-09-03,161.0,146.0
2021-09-04,147.0,125.0
2021-09-05,143.0,116.0
2021-09-06,161.0,146.0
2021-09-07,160.0,147.0
2021-09-08,162.0,147.0
2021-09-09,163.0,148.0
2021-09-10,161.0,148.0
2021-09-11,145.0,125.0
2021-09-12,148.0,116.0
2021-09-13,162.0,146.0
2021-09-14,163.0,148.0
2021-09-15,169.0,152.0
2021-09-16,172.0,152.0
2021-09-17,164.0,146.0
2021-09-18,150.0,125.0
2021-09-19,161.0,124.0
2021-09-20,170.0,150.0
2021-09-21,173.0,151.0
2021-09-22,170.0,152.0
2021-09-23,166.0,151.0
2021-09-24,164.0,148.0
2021-09-25,140.0,127.0
2021-09-26,156.0,120.0
2021-09-27,169.0,148.0
2021-09-28,171.0,151.0
2021-09-29,170.0,152.0
2021-09-30,168.0,151.0
2021-10-01,164.0,149.0
2021-10-02,157.0,126.0
2021-10-03,155.0,121.0
2021-10-04,179.0,155.0
2021-10-05,183.0,156.0
2021-10-06,178.0,158.0
2021-10-07,174.0,157.0
2021-10-08,173.0,154.0
2021-10-09,160.0,136.0
2021-10-10,167.0,130.0
2021-10-11,179.0,159.0
2021-10-12,179.0,164.0
2021-10-13,181.0,164.0
2021-10-14,178.0,164.0
2021-10-15,175.0,160.0
2021-10-16,161.0,140.0
2021-10-17,161.0,131.0
2021-10-18,173.0,160.0
2021-10-19,174.0,161.0
2021-10-20,172.0,159.0
2021-10-21,173.0,160.0
2021-10-22,176.0,164.0
2021-10-23,159.0,145.0
2021-10-24,163.0,136.0
2021-10-25,179.0,165.0
2021-10-26,180.0,167.0
2021-10-27,182.0,168.0
2021-10-28,186.0,169.0
2021-10-29,184.0,167.0
2021-10-30,171.0,148.0
2021-10-31,158.0,129.0
2021-11-01,183.0,156.0
2021-11-02,191.0,172.0
2021-11-03,198.0,178.0
2021-11-04,199.0,180.0
2021-11-05,193.0,179.0
2021-11-06,180.0,159.0
2021-11-07,168.0,147.0
2021-11-08,196.0,177.0
2021-11-09,197.0,181.0
2021-11-10,196.0,181.0
2021-11-11,196.0,177.0
2021-11-12,192.0,176.0
2021-11-13,177.0,155.0
2021-11-14,174.0,144.0
2021-11-15,196.0,177.0
2021-11-16,198.0,179.0
2021-11-17,197.0,180.0
2021-11-18,194.0,179.0
2021-11-19,199.0,181.0
2021-11-20,184.0,160.0
2021-11-21,180.0,150.0
2021-11-22,207.0,184.0
2021-11-23,207.0,188.0
2021-11-24,208.0,189.0
2021-11-25,210.0,191.0
2021-11-26,213.0,193.0
2021-11-27,209.0,172.0
2021-11-28,198.0,165.0
2021-11-29,217.0,197.0
2021-11-30,223.0,201.0
2021-12-01,214.0,192.0
2021-12-02,215.0,196.0
2021-12-03,213.0,198.0
2021-12-04,207.0,174.0
2021-12-05,199.0,165.0
2021-12-06,223.0,198.0
2021-12-07,221.0,196.0
2021-12-08,216.0,196.0
2021-12-09,224.0,200.0
2021-12-10,225.0,203.0
2021-12-11,204.0,179.0
2021-12-12,202.0,169.0
2021-12-13,213.0,193.0
2021-12-14,216.0,197.0
2021-12-15,214.0,197.0
2021-12-16,219.0,197.0
2021-12-17,216.0,193.0
2021-12-18,194.0,173.0
2021-12-19,196.0,167.0
2021-12-20,214.0,193.0
2021-12-21,214.0,196.0
2021-12-22,210.0,196.0
2021-12-23,200.0,183.0
2021-12-24,205.0,165.0
2021-12-25,192.0,148.0
2021-12-26,192.0,145.0
2021-12-27,186.0,161.0
2021-12-28,185.0,159.0
2021-12-29,183.0,158.0
2021-12-30,178.0,150.0
2021-12-31,177.0,148.0
2022-01-01,174.0,140.0
2022-01-02,174.0,142.0
2022-01-03,187.0,164.0
2022-01-04,189.0,166.0
2022-01-05,204.0,182.0
2022-01-06,204.0,187.0
2022-01-07,210.0,191.0
2022-01-08,193.0,169.0
2022-01-09,198.0,160.0
2022-01-10,218.0,192.0
2022-01-11,221.0,197.0
2022-01-12,225.0,201.0
2022-01-13,225.0,203.0
2022-01-14,216.0,199.0
2022-01-15,195.0,177.0
2022-01-16,193.0,166.0
2022-01-17,209.0,192.0
2022-01-18,215.0,196.0
2022-01-19,215.0,196.0
2022-01-20,218.0,198.0
2022-01-21,218.0,198.0
2022-01-22,198.0,176.0
2022-01-23,196.0,166.0
2022-01-24,213.0,195.0
2022-01-25,211.0,196.0
2022-01-26,212.0,198.0
2022-01-27,212.0,198.0
2022-01-28,209.0,192.0
2022-01-29,193.0,168.0
2022-01-30,188.0,156.0
2022-01-31,214.0,193.0
2022-02-01,222.0,197.0
2022-02-02,217.0,191.0
2022-02-03,211.0,187.0
2022-02-04,204.0,186.0
2022-02-05,191.0,165.0
2022-02-06,189.0,159.0
2022-02-07,211.0,187.0
2022-02-08,214.0,189.0
2022-02-09,209.0,188.0
2022-02-10,205.0,183.0
2022-02-11,202.0,185.0
2022-02-12,193.0,169.0
2022-02-13,192.0,157.0
2022-02-14,210.0,187.0
2022-02-15,207.0,189.0
2022-02-16,210.0,190.0
2022-02-17,207.0,179.0
2022-02-18,197.0,176.0
2022-02-19,187.0,160.0
2022-02-20,183.0,148.0
2022-02-21,209.0,183.0
2022-02-22,202.0,182.0
2022-02-23,199.0,178.0
2022-02-24,200.0,179.0
2022-02-25,194.0,181.0
2022-02-26,188.0,163.0
2022-02-27,190.0,156.0
2022-02-28,200.0,182.0
2022-03-01,197.0,184.0
2022-03-02,193.0,183.0
2022-03-03,186.0,176.0
2022-03-04,190.0,179.0
2022-03-05,176.0,163.0
2022-03-06,182.0,155.0
2022-03-07,198.0,183.0
2022-03-08,201.0,186.0
2022-03-09,202.0,183.0
2022-03-10,194.0,179.0
2022-03-11,191.0,176.0
2022-03-12,175.0,153.0
2022-03-13,171.0,143.0
2022-03-14,188.0,168.0
2022-03-15,193.0,176.0
2022-03-16,185.0,171.0
2022-03-17,184.0,169.0
2022-03-18,190.0,173.0
2022-03-19,177.0,150.0
2022-03-20,173.0,139.0
2022-03-21,192.0,167.0
2022-03-22,194.0,169.0
2022-03-23,188.0,168.0
2022-03-24,180.0,164.0
2022-03-25,178.0,162.0
2022-03-26,167.0,140.0
2022-03-27,163.0,129.0
2022-03-28,182.0,158.0
2022-03-29,174.0,161.0
2022-03-30,180.0,166.0
2022-03-31,187.0,171.0
2022-04-01,197.0,183.0
2022-04-02,182.0,167.0
2022-04-03,180.0,157.0
2022-04-04,190.0,177.0
2022-04-05,191.0,174.0
2022-04-06,189.0,166.0
2022-04-07,193.0,170.0
2022-04-08,184.0,169.0
2022-04-09,173.0,151.0
2022-04-10,165.0,139.0
2022-04-11,193.0,162.0
2022-04-12,177.0,157.0
2022-04-13,167.0,153.0
2022-04-14,163.0,145.0
2022-04-15,143.0,119.0
2022-04-16,161.0,122.0
2022-04-17,158.0,116.0
2022-04-18,149.0,121.0
2022-04-19,165.0,147.0
2022-04-20,164.0,151.0
2022-04-21,163.0,151.0
2022-04-22,165.0,150.0
2022-04-23,163.0,133.0
2022-04-24,161.0,129.0
2022-04-25,177.0,159.0
2022-04-26,176.0,160.0
2022-04-27,176.0,155.0
2022-04-28,172.0,153.0
2022-04-29,168.0,150.0
2022-04-30,163.0,133.0
2022-05-01,155.0,123.0
2022-05-02,170.0,149.0
2022-05-03,167.0,153.0
2022-05-04,165.0,154.0
2022-05-05,170.0,160.0
2022-05-06,169.0,159.0
2022-05-07,151.0,131.0
2022-05-08,158.0,121.0
2022-05-09,163.0,148.0
2022-05-10,161.0,146.0
2022-05-11,169.0,146.0
2022-05-12,167.0,147.0
2022-05-13,168.0,147.0
2022-05-14,162.0,122.0
2022-05-15,160.0,113.0
2022-05-16,165.0,145.0
2022-05-17,161.0,145.0
2022-05-18,164.0,145.0
2022-05-19,164.0,147.0
2022-05-20,165.0,146.0
2022-05-21,159.0,124.0
2022-05-22,154.0,116.0
2022-05-23,170.0,148.0
2022-05-24,168.0,150.0
2022-05-25,170.0,143.0
2022-05-26,153.0,116.0
2022-05-27,160.0,127.0
2022-05-27,159.0,127.0
2022-05-28,154.0,119.0
2022-05-29,161.0,114.0
2022-05-30,154.0,142.0
2022-05-31,163.0,147.0
2022-06-01,162.0,148.0
2022-06-02,169.0,146.0
2022-06-03,167.0,146.0
2022-06-04,163.0,122.0
2022-06-05,167.0,115.0
2022-06-06,166.0,117.0
2022-06-07,177.0,145.0
2022-06-08,168.0,145.0
2022-06-09,172.0,147.0
2022-06-10,167.0,142.0
2022-06-11,158.0,121.0
2022-06-12,169.0,114.0
2022-06-13,166.0,144.0
2022-06-14,162.0,145.0
2022-06-15,163.0,147.0
2022-06-16,154.0,142.0
2022-06-17,158.0,142.0
2022-06-18,154.0,125.0
2022-06-19,160.0,118.0
2022-06-20,171.0,148.0
2022-06-21,171.0,151.0
2022-06-22,172.0,151.0
2022-06-23,169.0,145.0
2022-06-24,171.0,146.0
2022-06-25,173.0,120.0
2022-06-26,161.0,114.0
2022-06-27,167.0,146.0
2022-06-28,167.0,147.0
2022-06-29,165.0,144.0
2022-06-30,165.0,146.0
2022-07-01,169.0,145.0
2022-07-02,174.0,119.0
2022-07-03,171.0,113.0
2022-07-04,167.0,146.0
2022-07-05,165.0,144.0
2022-07-05,164.0,144.0
2022-07-06,161.0,142.0
2022-07-07,160.0,143.0
2022-07-08,164.0,139.0
2022-07-09,161.0,119.0
2022-07-10,163.0,111.0
2022-07-11,160.0,138.0
2022-07-11,159.0,138.0
2022-07-12,157.0,141.0
2022-07-12,157.0,140.0
2022-07-12,156.0,140.0
2022-07-13,156.0,142.0
2022-07-14,163.0,145.0
2022-07-15,159.0,141.0
2022-07-15,159.0,140.0
2022-07-16,161.0,118.0
2022-07-17,165.0,111.0
2022-07-18,159.0,138.0
2022-07-18,160.0,138.0
2022-07-19,159.0,142.0
2022-07-20,159.0,145.0
2022-07-21,160.0,141.0
2022-07-22,155.0,137.0
2022-07-23,156.0,120.0
2022-07-24,158.0,109.0
2022-07-25,152.0,135.0
2022-07-26,148.0,134.0
2022-07-26,148.0,133.0
2022-07-27,153.0,131.0
2022-07-28,151.0,131.0
2022-07-29,151.0,132.0
2022-07-30,153.0,113.0
2022-07-31,158.0,104.0
2022-08-01,130.0,108.0
2022-08-01,131.0,108.0
2022-08-02,146.0,129.0
2022-08-03,148.0,132.0
2022-08-04,151.0,135.0
2022-08-05,152.0,135.0
2022-08-06,168.0,117.0
2022-08-07,162.0,108.0
2022-08-08,161.0,131.0
2022-08-08,162.0,131.0
2022-08-09,163.0,134.0
2022-08-10,164.0,135.0
2022-08-11,156.0,136.0
2022-08-11,157.0,136.0
2022-08-12,155.0,136.0
2022-08-13,147.0,116.0
2022-08-14,145.0,111.0
2022-08-15,152.0,132.0
2022-08-16,160.0,141.0
2022-08-17,161.0,145.0
2022-08-18,169.0,145.0
2022-08-19,172.0,146.0
2022-08-20,165.0,121.0
2022-08-21,162.0,111.0
2022-08-22,158.0,139.0
2022-08-22,157.0,139.0
2022-08-23,157.0,141.0
2022-08-23,158.0,141.0
2022-08-24,157.0,142.0
2022-08-25,161.0,143.0
2022-08-26,162.0,144.0
2022-08-26,161.0,144.0
2022-08-27,151.0,121.0
2022-08-28,168.0,113.0
2022-08-28,167.0,113.0
2022-08-29,166.0,141.0
2022-08-30,167.0,145.0
2022-08-30,168.0,145.0
2022-08-31,168.0,146.0
2022-08-31,167.0,146.0
2022-09-01,167.0,144.0
2022-09-01,168.0,144.0
2022-09-02,164.0,142.0
2022-09-03,158.0,122.0
2022-09-04,162.0,112.0
2022-09-05,164.0,144.0
2022-09-06,164.0,148.0
2022-09-07,165.0,148.0
2022-09-08,182.0,144.0
2022-09-09,166.0,143.0
2022-09-10,141.0,122.0
2022-09-11,143.0,112.0
2022-09-11,144.0,112.0
2022-09-12,161.0,141.0
2022-09-13,165.0,146.0
2022-09-13,166.0,146.0
2022-09-14,170.0,150.0
2022-09-15,172.0,150.0
2022-09-16,171.0,146.0
2022-09-17,178.0,126.0
2022-09-18,166.0,117.0
2022-09-19,167.0,143.0
2022-09-19,168.0,143.0
2022-09-20,164.0,146.0
2022-09-20,165.0,146.0
2022-09-21,163.0,146.0
2022-09-21,162.0,146.0
2022-09-22,157.0,147.0
2022-09-23,158.0,147.0
2022-09-23,159.0,147.0
2022-09-24,154.0,129.0
2022-09-24,153.0,130.0
2022-09-24,154.0,130.0
2022-09-25,156.0,122.0
2022-09-25,157.0,122.0
2022-09-26,170.0,150.0
2022-09-27,181.0,156.0
2022-09-28,182.0,160.0
2022-09-29,178.0,159.0
2022-09-29,178.0,158.0
2022-09-29,179.0,158.0
2022-09-30,179.0,155.0
2022-10-01,176.0,129.0
2022-10-01,176.0,136.0
2022-10-02,181.0,115.0
2022-10-02,181.0,121.0
2022-10-03,168.0,139.0
2022-10-03,168.0,147.0
2022-10-04,174.0,147.0
2022-10-04,174.0,148.0
2022-10-04,174.0,140.0
2022-10-05,175.0,139.0
2022-10-05,175.0,146.0
2022-10-06,162.0,145.0
2022-10-06,162.0,137.0
2022-10-07,159.0,136.0
2022-10-07,159.0,144.0
2022-10-08,163.0,126.0
2022-10-08,162.0,120.0
2022-10-08,162.0,126.0
2022-10-09,169.0,113.0
2022-10-09,169.0,119.0
2022-10-10,170.0,137.0
2022-10-10,170.0,145.0
2022-10-11,165.0,146.0
2022-10-11,165.0,138.0
2022-10-12,164.0,148.0
2022-10-12,164.0,140.0
2022-10-12,165.0,148.0
2022-10-13,163.0,142.0
2022-10-13,163.0,149.0
2022-10-14,167.0,141.0
2022-10-14,167.0,149.0
2022-10-14,168.0,149.0
2022-10-15,169.0,119.0
2022-10-15,169.0,126.0
2022-10-16,157.0,116.0
2022-10-16,157.0,110.0
2022-10-17,171.0,136.0
2022-10-17,171.0,143.0
2022-10-18,166.0,137.0
2022-10-18,166.0,144.0
2022-10-19,167.0,138.0
2022-10-19,167.0,145.0
2022-10-20,167.0,148.0
2022-10-20,167.0,141.0
2022-10-21,171.0,142.0
2022-10-21,171.0,149.0
2022-10-22,179.0,119.0
2022-10-22,180.0,125.0
2022-10-23,168.0,118.0
2022-10-23,167.0,112.0
2022-10-23,167.0,118.0
2022-10-24,190.0,152.0
2022-10-24,190.0,144.0
2022-10-25,173.0,142.0
2022-10-25,174.0,150.0
2022-10-25,173.0,150.0
2022-10-26,169.0,150.0
2022-10-26,169.0,142.0
2022-10-27,163.0,141.0
2022-10-27,163.0,149.0
2022-10-28,162.0,149.0
2022-10-28,161.0,142.0
2022-10-28,161.0,149.0
2022-10-29,150.0,121.0
2022-10-29,150.0,128.0
2022-10-30,142.0,118.0
2022-10-30,142.0,112.0
2022-10-31,158.0,133.0
2022-10-31,165.0,145.0
2022-10-31,166.0,145.0
2022-11-01,184.0,142.0
2022-11-01,183.0,142.0
2022-11-01,183.0,135.0
2022-11-02,178.0,154.0
2022-11-02,179.0,154.0
2022-11-02,178.0,147.0
2022-11-03,173.0,152.0
2022-11-03,173.0,159.0
2022-11-03,174.0,159.0
2022-11-04,175.0,152.0
2022-11-04,175.0,159.0
2022-11-05,171.0,141.0
2022-11-05,170.0,134.0
2022-11-06,177.0,133.0
2022-11-06,177.0,127.0
2022-11-07,179.0,151.0
2022-11-07,179.0,158.0
2022-11-08,180.0,161.0
2022-11-08,180.0,155.0
2022-11-08,181.0,161.0
2022-11-09,181.0,157.0
2022-11-09,181.0,165.0
2022-11-10,176.0,153.0
2022-11-10,177.0,160.0
2022-11-11,177.0,153.0
2022-11-11,177.0,161.0
2022-11-12,166.0,142.0
2022-11-12,166.0,135.0
2022-11-12,167.0,142.0
2022-11-13,172.0,128.0
2022-11-13,172.0,135.0
2022-11-14,186.0,165.0
2022-11-14,186.0,158.0
2022-11-15,181.0,166.0
2022-11-15,181.0,158.0
2022-11-15,182.0,166.0
2022-11-16,182.0,161.0
2022-11-16,182.0,154.0
2022-11-17,184.0,162.0
2022-11-17,184.0,155.0
2022-11-18,193.0,166.0
2022-11-18,193.0,159.0
2022-11-18,194.0,166.0
2022-11-19,185.0,149.0
2022-11-19,184.0,142.0
2022-11-20,189.0,135.0
2022-11-20,189.0,142.0
2022-11-20,189.0,141.0
2022-11-21,193.0,162.0
2022-11-21,193.0,170.0
2022-11-22,201.0,176.0
2022-11-22,201.0,168.0
2022-11-23,199.0,177.0
2022-11-23,199.0,169.0
2022-11-24,194.0,168.0
2022-11-24,194.0,176.0
2022-11-25,199.0,175.0
2022-11-25,200.0,175.0
2022-11-25,199.0,167.0
2022-11-26,189.0,147.0
2022-11-26,190.0,154.0
2022-11-27,188.0,139.0
2022-11-27,189.0,146.0
2022-11-28,199.0,172.0
2022-11-28,198.0,164.0
2022-11-28,198.0,172.0
2022-11-29,198.0,175.0
2022-11-29,198.0,167.0
2022-11-30,203.0,179.0
2022-11-30,203.0,177.0
2022-11-30,194.0,165.0
2022-12-01,204.0,135.0
2022-12-01,204.0,183.0
2022-12-01,205.0,183.0
2022-12-02,201.0,134.0
2022-12-02,202.0,182.0
2022-12-03,198.0,120.0
2022-12-03,198.0,163.0
2022-12-03,199.0,163.0
2022-12-04,189.0,112.0
2022-12-04,190.0,152.0
2022-12-04,190.0,153.0
2022-12-05,204.0,181.0
2022-12-05,203.0,134.0
2022-12-05,204.0,182.0
2022-12-06,209.0,186.0
2022-12-06,208.0,138.0
2022-12-07,209.0,139.0
2022-12-07,209.0,189.0
2022-12-07,210.0,189.0
2022-12-08,207.0,184.0
2022-12-08,207.0,135.0
2022-12-08,208.0,184.0
2022-12-09,213.0,138.0
2022-12-09,213.0,188.0
2022-12-09,214.0,188.0
2022-12-10,204.0,126.0
2022-12-10,204.0,170.0
2022-12-10,204.0,171.0
2022-12-11,197.0,123.0
2022-12-11,197.0,167.0
2022-12-11,198.0,168.0
2022-12-12,222.0,200.0
2022-12-12,222.0,148.0
2022-12-12,223.0,201.0
2022-12-13,224.0,149.0
2022-12-13,224.0,201.0
2022-12-13,225.0,202.0
2022-12-14,216.0,193.0
2022-12-14,217.0,194.0
2022-12-14,216.0,143.0
2022-12-15,217.0,192.0
2022-12-15,217.0,142.0
2022-12-15,218.0,192.0
2022-12-16,215.0,193.0
2022-12-16,215.0,143.0
2022-12-16,216.0,193.0
2022-12-17,198.0,130.0
2022-12-17,197.0,176.0
2022-12-17,198.0,177.0
2022-12-18,188.0,123.0
2022-12-18,188.0,166.0
2022-12-18,189.0,166.0
2022-12-19,204.0,137.0
2022-12-19,204.0,184.0
2022-12-19,205.0,184.0
2022-12-20,208.0,180.0
2022-12-20,208.0,133.0
2022-12-20,209.0,180.0
2022-12-21,203.0,129.0
2022-12-21,202.0,175.0
2022-12-21,203.0,175.0
2022-12-22,191.0,123.0
2022-12-22,191.0,166.0
2022-12-23,192.0,157.0
2022-12-23,191.0,115.0
2022-12-23,191.0,157.0
2022-12-24,180.0,140.0
2022-12-24,179.0,103.0
2022-12-24,179.0,140.0
2022-12-25,177.0,130.0
2022-12-25,177.0,96.0
2022-12-26,195.0,135.0
2022-12-26,195.0,99.0
2022-12-26,195.0,136.0
2022-12-27,183.0,149.0
2022-12-27,183.0,109.0
2022-12-27,183.0,148.0
2022-12-28,189.0,150.0
2022-12-28,189.0,149.0
2022-12-28,189.0,110.0
2022-12-29,174.0,148.0
2022-12-29,173.0,108.0
2022-12-29,173.0,147.0
2022-12-30,176.0,147.0
2022-12-30,175.0,147.0
2022-12-30,175.0,108.0
2022-12-31,174.0,134.0
2022-12-31,173.0,100.0
2022-12-31,173.0,99.0
2022-12-31,173.0,134.0
2022-12-31,167.0,94.0
2023-01-01,154.0,120.0
2023-01-01,155.0,123.0
2023-01-01,156.0,123.0
2023-01-02,154.0,133.0
2023-01-02,156.0,135.0
2023-01-03,170.0,154.0
2023-01-03,168.0,151.0
2023-01-03,171.0,154.0
2023-01-04,183.0,159.0
2023-01-04,181.0,155.0
2023-01-04,183.0,158.0
2023-01-05,183.0,158.0
2023-01-05,181.0,154.0
2023-01-05,183.0,157.0
2023-01-06,181.0,161.0
2023-01-06,179.0,158.0
2023-01-06,182.0,161.0
2023-01-07,167.0,141.0
2023-01-07,168.0,145.0
2023-01-07,169.0,144.0
2023-01-07,168.0,144.0
2023-01-07,169.0,145.0
2023-01-08,177.0,142.0
2023-01-08,175.0,138.0
2023-01-09,197.0,168.0
2023-01-09,200.0,172.0
2023-01-09,199.0,172.0
2023-01-10,197.0,171.0
2023-01-10,199.0,175.0
2023-01-10,200.0,175.0
2023-01-11,197.0,175.0
2023-01-11,195.0,172.0
2023-01-11,197.0,176.0
2023-01-11,196.0,176.0
2023-01-12,195.0,176.0
2023-01-12,193.0,172.0
2023-01-13,192.0,173.0
2023-01-13,190.0,169.0
2023-01-13,193.0,173.0
2023-01-14,181.0,148.0
2023-01-14,182.0,152.0
2023-01-14,183.0,152.0
2023-01-15,186.0,148.0
2023-01-15,185.0,148.0
2023-01-15,184.0,145.0
2023-01-15,186.0,149.0
2023-01-16,209.0,184.0
2023-01-16,209.0,183.0
2023-01-16,207.0,179.0
2023-01-16,210.0,184.0
2023-01-17,208.0,189.0
2023-01-17,206.0,184.0
2023-01-18,211.0,186.0
2023-01-18,213.0,191.0
2023-01-18,214.0,191.0
2023-01-19,211.0,196.0
2023-01-19,209.0,191.0
2023-01-19,212.0,196.0
2023-01-20,213.0,194.0
2023-01-20,216.0,199.0
2023-01-21,204.0,174.0
2023-01-21,206.0,178.0
2023-01-21,207.0,178.0
2023-01-22,196.0,166.0
2023-01-22,196.0,167.0
2023-01-22,195.0,167.0
2023-01-22,194.0,163.0
2023-01-23,214.0,192.0
2023-01-23,216.0,196.0
2023-01-23,217.0,196.0
2023-01-24,208.0,188.0
2023-01-24,210.0,192.0
2023-01-24,211.0,192.0
2023-01-24,211.0,193.0
2023-01-25,210.0,188.0
2023-01-25,212.0,193.0
2023-01-25,213.0,193.0
2023-01-26,214.0,194.0
2023-01-26,214.0,195.0
2023-01-26,212.0,190.0
2023-01-26,215.0,195.0
2023-01-27,213.0,194.0
2023-01-27,211.0,190.0
2023-01-27,214.0,194.0
2023-01-28,191.0,168.0
2023-01-28,192.0,172.0
2023-01-28,193.0,172.0
2023-01-29,186.0,159.0
2023-01-29,189.0,163.0
2023-01-29,188.0,163.0
2023-01-30,207.0,190.0
2023-01-30,207.0,189.0
2023-01-30,205.0,185.0
2023-01-30,208.0,190.0
2023-01-31,206.0,186.0
2023-01-31,207.0,186.0
2023-01-31,206.0,185.0
2023-01-31,196.0,175.0
2023-02-01,204.0,183.0
2023-02-01,204.0,160.0
2023-02-01,205.0,184.0
2023-02-02,202.0,158.0
2023-02-02,203.0,181.0
2023-02-02,202.0,181.0
2023-02-03,195.0,177.0
2023-02-03,194.0,176.0
2023-02-03,185.0,154.0
2023-02-04,186.0,158.0
2023-02-04,188.0,159.0
2023-02-04,185.0,138.0
2023-02-04,187.0,158.0
2023-02-04,188.0,158.0
2023-02-05,186.0,134.0
2023-02-05,196.0,154.0
2023-02-05,197.0,154.0
2023-02-05,198.0,154.0
2023-02-06,191.0,159.0
2023-02-06,201.0,182.0
2023-02-06,203.0,182.0
2023-02-06,204.0,183.0
2023-02-07,203.0,185.0
2023-02-07,206.0,186.0
2023-02-07,193.0,161.0
2023-02-07,205.0,185.0
2023-02-08,207.0,166.0
2023-02-08,210.0,192.0
2023-02-08,207.0,191.0
2023-02-08,209.0,191.0
2023-02-08,210.0,191.0
2023-02-09,201.0,189.0
2023-02-09,198.0,165.0
2023-02-09,199.0,189.0
2023-02-09,202.0,190.0
2023-02-10,200.0,185.0
2023-02-10,188.0,161.0
2023-02-10,201.0,185.0
2023-02-10,198.0,185.0
2023-02-11,181.0,161.0
2023-02-11,179.0,161.0
2023-02-11,169.0,140.0
2023-02-11,180.0,161.0
2023-02-11,181.0,162.0
2023-02-12,177.0,148.0
2023-02-12,177.0,149.0
2023-02-12,176.0,148.0
2023-02-12,175.0,148.0
2023-02-12,166.0,129.0
2023-02-13,277.0,244.0
2023-02-13,194.0,175.0
2023-02-13,195.0,175.0
2023-02-13,196.0,175.0
2023-02-14,184.0,154.0
2023-02-14,196.0,177.0
2023-02-14,195.0,177.0
2023-02-14,194.0,177.0
2023-02-15,193.0,175.0
2023-02-15,195.0,176.0
2023-02-15,183.0,153.0
2023-02-15,194.0,175.0
2023-02-15,195.0,175.0
2023-02-16,186.0,170.0
2023-02-16,184.0,171.0
2023-02-16,187.0,171.0
2023-02-16,185.0,171.0
2023-02-16,175.0,149.0
2023-02-16,186.0,171.0
2023-02-17,172.0,145.0
2023-02-17,180.0,166.0
2023-02-17,182.0,166.0
2023-02-17,183.0,166.0
2023-02-18,170.0,142.0
2023-02-18,168.0,143.0
2023-02-18,161.0,125.0
2023-02-18,170.0,143.0
2023-02-19,177.0,136.0
2023-02-19,178.0,136.0
2023-02-19,169.0,119.0
2023-02-19,179.0,136.0
2023-02-20,170.0,141.0
2023-02-20,182.0,161.0
2023-02-20,180.0,161.0
2023-02-20,181.0,161.0
2023-02-21,171.0,162.0
2023-02-21,161.0,142.0
2023-02-21,173.0,162.0
2023-02-21,174.0,163.0
2023-02-22,165.0,143.0
2023-02-22,177.0,163.0
2023-02-22,175.0,163.0
2023-02-22,177.0,164.0
2023-02-22,178.0,164.0
2023-02-23,174.0,161.0
2023-02-23,173.0,160.0
2023-02-23,163.0,141.0
2023-02-23,174.0,160.0
2023-02-23,175.0,161.0
2023-02-24,161.0,140.0
2023-02-24,172.0,160.0
2023-02-24,173.0,160.0
2023-02-24,173.0,159.0
2023-02-24,171.0,160.0
2023-02-25,164.0,147.0
2023-02-25,154.0,128.0
2023-02-25,166.0,147.0
2023-02-25,166.0,148.0
2023-02-26,190.0,151.0
2023-02-26,190.0,150.0
2023-02-26,188.0,151.0
2023-02-26,177.0,131.0
2023-02-26,189.0,151.0
2023-02-26,190.0,152.0
2023-02-27,200.0,181.0
2023-02-27,185.0,158.0
2023-02-27,198.0,181.0
2023-02-27,199.0,181.0
2023-02-27,200.0,182.0
2023-02-28,196.0,183.0
2023-02-28,175.0,154.0
2023-02-28,196.0,184.0
2023-02-28,187.0,176.0
2023-02-28,196.0,182.0
2023-02-28,197.0,184.0
2023-03-01,199.0,185.0
2023-03-01,199.0,171.0
2023-03-02,191.0,166.0
2023-03-02,191.0,179.0
2023-03-02,192.0,179.0
2023-03-03,186.0,163.0
2023-03-03,186.0,176.0
2023-03-03,186.0,175.0
2023-03-04,163.0,138.0
2023-03-04,163.0,150.0
2023-03-04,163.0,149.0
2023-03-05,156.0,143.0
2023-03-05,156.0,132.0
2023-03-05,155.0,142.0
2023-03-06,185.0,173.0
2023-03-06,184.0,160.0
2023-03-06,184.0,173.0
2023-03-07,185.0,171.0
2023-03-07,185.0,159.0
2023-03-08,187.0,171.0
2023-03-08,188.0,172.0
2023-03-08,187.0,159.0
2023-03-09,178.0,162.0
2023-03-09,179.0,163.0
2023-03-09,178.0,151.0
2023-03-10,186.0,169.0
2023-03-10,186.0,168.0
2023-03-10,186.0,156.0
2023-03-11,173.0,155.0
2023-03-11,173.0,143.0
2023-03-12,175.0,138.0
2023-03-12,175.0,128.0
2023-03-13,179.0,145.0
2023-03-13,180.0,156.0
2023-03-14,187.0,167.0
2023-03-14,187.0,155.0
2023-03-14,188.0,167.0
2023-03-15,181.0,155.0
2023-03-15,182.0,167.0
2023-03-15,181.0,167.0
2023-03-16,190.0,153.0
2023-03-16,190.0,164.0
2023-03-16,191.0,165.0
2023-03-17,178.0,147.0
2023-03-17,178.0,159.0
2023-03-18,169.0,125.0
2023-03-18,170.0,135.0
2023-03-18,169.0,134.0
2023-03-18,170.0,134.0
2023-03-19,162.0,129.0
2023-03-19,162.0,120.0
2023-03-20,169.0,144.0
2023-03-20,169.0,155.0
2023-03-21,171.0,155.0
2023-03-21,170.0,155.0
2023-03-21,170.0,144.0
2023-03-22,170.0,139.0
2023-03-22,170.0,150.0
2023-03-22,172.0,150.0
2023-03-23,168.0,152.0
2023-03-23,167.0,142.0
2023-03-24,174.0,147.0
2023-03-24,174.0,158.0
2023-03-24,175.0,158.0
2023-03-25,182.0,139.0
2023-03-25,182.0,128.0
2023-03-26,176.0,123.0
2023-03-26,176.0,133.0
2023-03-27,185.0,154.0
2023-03-27,186.0,166.0
2023-03-27,186.0,167.0
2023-03-28,183.0,150.0
2023-03-28,184.0,161.0
2023-03-28,183.0,161.0
2023-03-29,176.0,158.0
2023-03-29,176.0,146.0
2023-03-29,176.0,157.0
2023-03-30,183.0,158.0
2023-03-30,182.0,147.0
2023-03-31,181.0,159.0
2023-03-31,180.0,159.0
2023-03-31,180.0,157.0
2023-03-31,166.0,137.0
2023-04-01,184.0,125.0
2023-04-01,184.0,140.0
2023-04-02,169.0,117.0
2023-04-02,169.0,129.0
2023-04-03,186.0,162.0
2023-04-03,185.0,162.0
2023-04-03,185.0,147.0
2023-04-04,189.0,163.0
2023-04-04,189.0,162.0
2023-04-04,189.0,148.0
2023-04-05,181.0,145.0
2023-04-05,182.0,160.0
2023-04-05,182.0,161.0
2023-04-05,181.0,160.0
2023-04-06,176.0,140.0
2023-04-06,176.0,155.0
2023-04-06,177.0,155.0
2023-04-07,151.0,123.0
2023-04-07,151.0,136.0
2023-04-07,152.0,136.0
2023-04-08,147.0,133.0
2023-04-08,147.0,120.0
2023-04-08,147.0,134.0
2023-04-09,157.0,120.0
2023-04-09,157.0,108.0
2023-04-10,171.0,110.0
2023-04-10,171.0,122.0
2023-04-10,171.0,121.0
2023-04-11,164.0,137.0
2023-04-11,164.0,150.0
2023-04-11,164.0,151.0
2023-04-12,164.0,140.0
2023-04-12,164.0,154.0
2023-04-13,170.0,143.0
2023-04-13,170.0,158.0
2023-04-14,171.0,153.0
2023-04-14,170.0,153.0
2023-04-14,170.0,137.0
2023-04-15,155.0,125.0
2023-04-15,155.0,139.0
2023-04-16,156.0,120.0
2023-04-16,156.0,134.0
2023-04-17,166.0,152.0
2023-04-17,166.0,137.0
2023-04-18,163.0,149.0
2023-04-18,163.0,134.0
2023-04-19,165.0,152.0
2023-04-19,166.0,137.0
2023-04-20,176.0,165.0
2023-04-20,176.0,148.0
2023-04-21,168.0,156.0
2023-04-21,168.0,140.0
2023-04-22,154.0,117.0
2023-04-22,154.0,131.0
2023-04-22,155.0,131.0
2023-04-23,157.0,108.0
2023-04-23,157.0,121.0
2023-04-24,179.0,150.0
2023-04-24,179.0,135.0
2023-04-24,179.0,151.0
2023-04-25,174.0,140.0
2023-04-25,174.0,155.0
2023-04-26,166.0,135.0
2023-04-26,166.0,150.0
2023-04-27,165.0,144.0
2023-04-27,165.0,130.0
2023-04-27,165.0,145.0
2023-04-28,160.0,148.0
2023-04-28,160.0,132.0
2023-04-29,146.0,122.0
2023-04-29,145.0,108.0
2023-04-29,146.0,121.0
2023-04-30,150.0,115.0
2023-04-30,139.0,95.0
2023-05-01,170.0,137.0
2023-05-02,162.0,143.0
2023-05-03,159.0,140.0
2023-05-04,159.0,138.0
2023-05-04,159.0,137.0
2023-05-05,154.0,138.0
2023-05-05,154.0,137.0
2023-05-06,140.0,116.0
2023-05-06,141.0,116.0
2023-05-07,151.0,112.0
2023-05-07,151.0,111.0
2023-05-08,158.0,140.0
2023-05-08,159.0,140.0
2023-05-09,156.0,141.0
2023-05-09,157.0,142.0
2023-05-09,156.0,142.0
2023-05-09,157.0,141.0
2023-05-10,158.0,145.0
2023-05-11,157.0,145.0
2023-05-11,157.0,146.0
2023-05-12,156.0,141.0
2023-05-12,156.0,142.0
2023-05-13,147.0,124.0
2023-05-14,146.0,116.0
2023-05-14,147.0,116.0
2023-05-15,160.0,143.0
2023-05-15,160.0,142.0
2023-05-16,168.0,151.0
2023-05-16,168.0,150.0
2023-05-17,158.0,144.0
2023-05-18,151.0,120.0
2023-05-18,151.0,119.0
2023-05-19,161.0,129.0
2023-05-19,160.0,128.0
2023-05-20,156.0,119.0
2023-05-21,152.0,109.0
2023-05-21,152.0,108.0
2023-05-22,150.0,133.0
2023-05-22,149.0,132.0
2023-05-23,154.0,137.0
2023-05-23,153.0,137.0
2023-05-24,157.0,144.0
2023-05-24,155.0,144.0
2023-05-25,159.0,139.0
2023-05-26,164.0,134.0
2023-05-26,163.0,134.0
2023-05-27,147.0,115.0
2023-05-27,147.0,114.0
2023-05-27,146.0,114.0
2023-05-27,146.0,115.0
2023-05-28,151.0,106.0
2023-05-28,151.0,105.0
2023-05-29,155.0,111.0
2023-05-29,154.0,110.0
2023-05-29,155.0,110.0
2023-05-30,155.0,135.0
2023-05-30,156.0,135.0
2023-05-31,147.0,127.0
2023-05-31,158.0,137.0
2023-06-01,150.0,138.0
2023-06-01,150.0,137.0
2023-06-02,153.0,135.0
2023-06-02,153.0,136.0
2023-06-03,151.0,117.0
2023-06-04,151.0,110.0
2023-06-04,151.0,109.0
2023-06-05,151.0,136.0
2023-06-05,151.0,135.0
2023-06-05,152.0,136.0
2023-06-06,150.0,136.0
2023-06-06,150.0,137.0
2023-06-07,152.0,136.0
2023-06-08,154.0,131.0
2023-06-08,154.0,132.0
2023-06-09,158.0,133.0
2023-06-09,158.0,134.0
2023-06-10,153.0,116.0
2023-06-11,148.0,108.0
2023-06-12,158.0,135.0
2023-06-13,160.0,136.0
2023-06-13,160.0,135.0
2023-06-14,161.0,134.0
2023-06-15,155.0,134.0
2023-06-15,156.0,135.0
2023-06-16,152.0,135.0
2023-06-17,144.0,115.0
2023-06-18,146.0,108.0
2023-06-19,159.0,138.0
2023-06-20,160.0,140.0
2023-06-21,159.0,141.0
2023-06-22,160.0,143.0
2023-06-22,160.0,142.0
2023-06-23,159.0,135.0
2023-06-24,151.0,114.0
2023-06-25,150.0,107.0
2023-06-25,150.0,108.0
2023-06-26,167.0,138.0
2023-06-27,163.0,137.0
2023-06-27,163.0,138.0
2023-06-28,158.0,137.0
2023-06-29,153.0,138.0
2023-06-29,154.0,138.0
2023-06-30,151.0,130.0
2023-06-30,162.0,140.0
2023-07-01,171.0,115.0
2023-07-01,172.0,117.0
2023-07-02,165.0,108.0
2023-07-02,166.0,109.0
2023-07-03,170.0,132.0
2023-07-03,171.0,134.0
2023-07-03,171.0,135.0
2023-07-04,154.0,135.0
2023-07-04,155.0,137.0
2023-07-05,167.0,137.0
2023-07-05,168.0,139.0
2023-07-06,150.0,133.0
2023-07-06,151.0,135.0
2023-07-06,151.0,136.0
2023-07-07,158.0,134.0
2023-07-07,157.0,132.0
2023-07-08,149.0,115.0
2023-07-08,150.0,117.0
2023-07-09,142.0,108.0
2023-07-09,142.0,109.0
2023-07-10,155.0,139.0
2023-07-10,154.0,137.0
2023-07-10,154.0,139.0
2023-07-11,160.0,142.0
2023-07-11,159.0,140.0
2023-07-12,169.0,142.0
2023-07-12,170.0,144.0
2023-07-13,161.0,133.0
2023-07-13,162.0,136.0
2023-07-14,159.0,132.0
2023-07-14,159.0,130.0
2023-07-15,167.0,115.0
2023-07-15,167.0,116.0
2023-07-16,155.0,105.0
2023-07-16,156.0,107.0
2023-07-17,152.0,130.0
2023-07-17,153.0,132.0
2023-07-18,149.0,133.0
2023-07-18,150.0,135.0
2023-07-19,148.0,132.0
2023-07-19,149.0,135.0
2023-07-20,147.0,128.0
2023-07-20,147.0,130.0
2023-07-21,251.0,234.0
2023-07-21,142.0,129.0
2023-07-22,144.0,107.0
2023-07-22,144.0,108.0
2023-07-23,154.0,100.0
2023-07-23,154.0,102.0
2023-07-24,145.0,127.0
2023-07-24,144.0,125.0
2023-07-25,137.0,122.0
2023-07-25,138.0,124.0
2023-07-26,149.0,121.0
2023-07-26,149.0,122.0
2023-07-27,135.0,120.0
2023-07-27,134.0,118.0
2023-07-28,136.0,120.0
2023-07-28,137.0,122.0
2023-07-29,137.0,108.0
2023-07-29,138.0,110.0
2023-07-30,158.0,97.0
2023-07-30,158.0,98.0
2023-07-31,136.0,101.0
2023-07-31,147.0,111.0
2023-07-31,136.0,102.0
2023-08-01,127.0,104.0
2023-08-02,152.0,120.0
2023-08-02,152.0,119.0
2023-08-03,156.0,119.0
2023-08-03,156.0,118.0
2023-08-04,132.0,121.0
2023-08-04,132.0,120.0
2023-08-05,129.0,106.0
2023-08-05,129.0,107.0
2023-08-06,149.0,103.0
2023-08-07,151.0,125.0
2023-08-07,151.0,126.0
2023-08-07,152.0,126.0
2023-08-08,149.0,125.0
2023-08-08,149.0,124.0
2023-08-09,140.0,127.0
2023-08-10,140.0,126.0
2023-08-10,140.0,127.0
2023-08-11,151.0,130.0
2023-08-11,151.0,129.0
2023-08-12,144.0,116.0
2023-08-12,144.0,117.0
2023-08-13,152.0,108.0
2023-08-13,152.0,109.0
2023-08-14,156.0,135.0
2023-08-15,149.0,133.0
2023-08-16,156.0,137.0
2023-08-16,156.0,138.0
2023-08-17,158.0,139.0
2023-08-17,158.0,140.0
2023-08-18,156.0,136.0
2023-08-18,156.0,137.0
2023-08-19,147.0,118.0
2023-08-19,147.0,119.0
2023-08-20,141.0,112.0
2023-08-20,141.0,113.0
2023-08-21,158.0,143.0
2023-08-22,168.0,147.0
2023-08-22,168.0,148.0
2023-08-23,171.0,148.0
2023-08-23,172.0,149.0
2023-08-23,171.0,149.0
2023-08-24,170.0,149.0
2023-08-24,170.0,150.0
2023-08-25,164.0,146.0
2023-08-25,164.0,147.0
2023-08-26,153.0,122.0
2023-08-26,153.0,123.0
2023-08-27,157.0,113.0
2023-08-27,156.0,113.0
2023-08-27,157.0,112.0
2023-08-28,164.0,142.0
2023-08-28,164.0,141.0
2023-08-29,161.0,141.0
2023-08-29,161.0,142.0
2023-08-30,154.0,138.0
2023-08-30,154.0,139.0
2023-08-31,146.0,130.0
2023-08-31,157.0,140.0
2023-09-01,150.0,135.0
2023-09-01,150.0,133.0
2023-09-02,139.0,116.0
2023-09-02,139.0,113.0
2023-09-03,141.0,107.0
2023-09-03,141.0,109.0
2023-09-04,165.0,136.0
2023-09-04,165.0,134.0
2023-09-05,165.0,137.0
2023-09-05,165.0,140.0
2023-09-06,159.0,138.0
2023-09-06,159.0,141.0
2023-09-07,163.0,138.0
2023-09-07,163.0,140.0
2023-09-08,160.0,138.0
2023-09-08,160.0,140.0
2023-09-09,145.0,118.0
2023-09-09,145.0,120.0
2023-09-10,144.0,111.0
2023-09-10,144.0,109.0
2023-09-11,152.0,139.0
2023-09-11,152.0,137.0
2023-09-12,154.0,139.0
2023-09-12,154.0,142.0
2023-09-13,159.0,142.0
2023-09-13,159.0,145.0
2023-09-14,153.0,137.0
2023-09-14,153.0,140.0
2023-09-15,156.0,135.0
2023-09-15,155.0,138.0
2023-09-15,156.0,138.0
2023-09-16,146.0,117.0
2023-09-16,146.0,119.0
2023-09-17,137.0,108.0
2023-09-17,137.0,110.0
2023-09-18,165.0,139.0
2023-09-18,165.0,141.0
2023-09-19,164.0,137.0
2023-09-19,164.0,139.0
2023-09-20,168.0,136.0
2023-09-20,168.0,139.0
2023-09-21,160.0,139.0
2023-09-21,160.0,141.0
2023-09-22,162.0,137.0
2023-09-22,162.0,140.0
2023-09-23,157.0,119.0
2023-09-23,157.0,116.0
2023-09-24,162.0,111.0
2023-09-24,162.0,108.0
2023-09-25,163.0,136.0
2023-09-25,163.0,133.0
2023-09-26,155.0,138.0
2023-09-26,155.0,135.0
2023-09-27,154.0,136.0
2023-09-27,154.0,139.0
2023-09-28,155.0,136.0
2023-09-28,155.0,139.0
2023-09-29,159.0,138.0
2023-09-29,159.0,136.0
2023-09-30,130.0,107.0
2023-09-30,140.0,118.0
2023-10-01,136.0,108.0
2023-10-01,136.0,109.0
2023-10-02,151.0,135.0
2023-10-02,151.0,136.0
2023-10-03,158.0,138.0
2023-10-03,158.0,140.0
2023-10-03,159.0,140.0
2023-10-04,157.0,138.0
2023-10-04,157.0,139.0
2023-10-05,153.0,141.0
2023-10-05,155.0,141.0
2023-10-06,155.0,140.0
2023-10-06,155.0,139.0
2023-10-07,145.0,120.0
2023-10-07,145.0,119.0
2023-10-08,132.0,111.0
2023-10-08,132.0,110.0
2023-10-09,150.0,137.0
2023-10-10,152.0,137.0
2023-10-10,152.0,139.0
2023-10-11,154.0,138.0
2023-10-11,155.0,140.0
2023-10-12,153.0,138.0
2023-10-12,153.0,139.0
2023-10-12,153.0,140.0
2023-10-13,156.0,137.0
2023-10-13,156.0,138.0
2023-10-14,138.0,122.0
2023-10-15,146.0,117.0
2023-10-15,146.0,118.0
2023-10-16,160.0,145.0
2023-10-16,161.0,147.0
2023-10-16,161.0,146.0
2023-10-17,165.0,148.0
2023-10-17,165.0,150.0
2023-10-18,166.0,151.0
2023-10-18,166.0,153.0
2023-10-18,166.0,152.0
2023-10-19,168.0,150.0
2023-10-19,168.0,152.0
2023-10-19,168.0,151.0
2023-10-20,180.0,150.0
2023-10-20,180.0,152.0
2023-10-21,171.0,128.0
2023-10-21,171.0,130.0
2023-10-22,159.0,120.0
2023-10-22,159.0,119.0
2023-10-23,166.0,149.0
2023-10-23,166.0,151.0
2023-10-23,167.0,151.0
2023-10-24,180.0,159.0
2023-10-24,180.0,157.0
2023-10-25,177.0,154.0
2023-10-25,178.0,156.0
2023-10-26,175.0,156.0
2023-10-26,174.0,154.0
2023-10-27,173.0,152.0
2023-10-27,173.0,153.0
2023-10-28,168.0,132.0
2023-10-28,168.0,133.0
2023-10-29,174.0,123.0
2023-10-29,174.0,122.0
2023-10-30,178.0,156.0
2023-10-30,178.0,157.0
2023-10-31,176.0,151.0
2023-10-31,184.0,159.0
2023-11-01,179.0,150.0
2023-11-01,179.0,152.0
2023-11-02,195.0,162.0
2023-11-02,195.0,165.0
2023-11-02,194.0,165.0
2023-11-03,181.0,161.0
2023-11-03,181.0,164.0
2023-11-04,182.0,145.0
2023-11-04,181.0,147.0
2023-11-05,166.0,133.0
2023-11-05,165.0,135.0
2023-11-06,178.0,157.0
2023-11-06,178.0,160.0
2023-11-07,183.0,164.0
2023-11-07,182.0,166.0
2023-11-08,184.0,166.0
2023-11-08,184.0,168.0
2023-11-09,190.0,172.0
2023-11-09,190.0,174.0
2023-11-10,187.0,168.0
2023-11-10,187.0,171.0
2023-11-11,177.0,150.0
2023-11-11,177.0,152.0
2023-11-12,173.0,144.0
2023-11-12,173.0,146.0
2023-11-13,184.0,161.0
2023-11-13,184.0,164.0
2023-11-14,186.0,163.0
2023-11-14,186.0,165.0
2023-11-15,185.0,162.0
2023-11-15,185.0,164.0
2023-11-16,184.0,167.0
2023-11-16,184.0,169.0
2023-11-17,187.0,167.0
2023-11-17,187.0,170.0
2023-11-18,184.0,151.0
2023-11-18,184.0,153.0
2023-11-19,181.0,136.0
2023-11-19,181.0,138.0
2023-11-20,185.0,162.0
2023-11-20,185.0,164.0
2023-11-21,187.0,171.0
2023-11-21,187.0,170.0
2023-11-21,187.0,168.0
2023-11-22,192.0,173.0
2023-11-22,192.0,176.0
2023-11-23,191.0,173.0
2023-11-23,191.0,175.0
2023-11-24,190.0,174.0
2023-11-24,190.0,171.0
2023-11-25,184.0,160.0
2023-11-25,184.0,162.0
2023-11-26,181.0,151.0
2023-11-26,181.0,154.0
2023-11-27,196.0,180.0
2023-11-27,196.0,183.0
2023-11-27,196.0,182.0
2023-11-28,205.0,187.0
2023-11-28,205.0,184.0
2023-11-29,208.0,185.0
2023-11-29,208.0,188.0
2023-11-30,206.0,183.0
2023-11-30,214.0,192.0
2023-12-01,212.0,189.0
2023-12-02,195.0,175.0
2023-12-02,195.0,174.0
2023-12-03,196.0,173.0
2023-12-03,197.0,173.0
2023-12-04,214.0,197.0
2023-12-04,214.0,199.0
2023-12-05,209.0,192.0
2023-12-05,209.0,193.0
2023-12-06,210.0,191.0
2023-12-06,210.0,192.0
2023-12-07,209.0,195.0
2023-12-08,200.0,184.0
2023-12-08,200.0,185.0
2023-12-09,194.0,164.0
2023-12-09,194.0,163.0
2023-12-10,190.0,149.0
2023-12-11,198.0,173.0
2023-12-11,198.0,174.0
2023-12-12,193.0,174.0
2023-12-12,193.0,173.0
2023-12-13,198.0,178.0
2023-12-13,198.0,177.0
2023-12-14,197.0,180.0
2023-12-14,197.0,179.0
2023-12-15,196.0,179.0
2023-12-15,196.0,177.0
2023-12-16,191.0,166.0
2023-12-16,191.0,165.0
2023-12-17,199.0,157.0
2023-12-18,202.0,181.0
2023-12-18,202.0,182.0
2023-12-19,193.0,179.0
2023-12-20,192.0,176.0
2023-12-20,192.0,175.0
2023-12-21,189.0,172.0
2023-12-22,189.0,163.0
2023-12-23,183.0,144.0
2023-12-23,183.0,145.0
2023-12-24,191.0,136.0
2023-12-24,191.0,135.0
2023-12-25,187.0,130.0
2023-12-26,178.0,140.0
2023-12-27,173.0,150.0
2023-12-28,181.0,152.0
2023-12-29,188.0,146.0
2023-12-30,177.0,140.0
2023-12-31,190.0,142.0
2023-12-31,190.0,141.0
2023-12-31,182.0,136.0
2024-01-01,185.0,138.0
2024-01-01,182.0,128.0
2024-01-02,177.0,147.0
2024-01-02,174.0,137.0
2024-01-03,191.0,153.0
2024-01-03,187.0,145.0
2024-01-04,182.0,159.0
2024-01-04,179.0,150.0
2024-01-05,184.0,166.0
2024-01-05,181.0,156.0
2024-01-06,178.0,155.0
2024-01-06,175.0,146.0
2024-01-07,181.0,152.0
2024-01-07,178.0,143.0
2024-01-08,214.0,192.0
2024-01-08,212.0,180.0
2024-01-09,212.0,185.0
2024-01-09,214.0,198.0
2024-01-09,215.0,198.0
2024-01-09,215.0,197.0
2024-01-10,207.0,183.0
2024-01-10,209.0,195.0
2024-01-11,214.0,198.0
2024-01-11,213.0,198.0
2024-01-11,211.0,185.0
2024-01-12,214.0,198.0
2024-01-12,211.0,186.0
2024-01-13,190.0,167.0
2024-01-13,192.0,178.0
2024-01-14,185.0,158.0
2024-01-14,187.0,168.0
2024-01-15,210.0,180.0
2024-01-15,213.0,192.0
2024-01-16,207.0,182.0
2024-01-16,210.0,193.0
2024-01-16,210.0,192.0
2024-01-17,204.0,176.0
2024-01-17,207.0,187.0
2024-01-18,205.0,184.0
2024-01-18,202.0,174.0
2024-01-18,205.0,185.0
2024-01-19,215.0,196.0
2024-01-19,212.0,186.0
2024-01-20,196.0,180.0
2024-01-20,194.0,171.0
2024-01-21,199.0,169.0
2024-01-21,197.0,160.0
2024-01-21,200.0,169.0
2024-01-22,202.0,178.0
2024-01-22,205.0,189.0
2024-01-23,195.0,179.0
2024-01-23,195.0,178.0
2024-01-23,193.0,171.0
2024-01-24,188.0,171.0
2024-01-24,188.0,172.0
2024-01-24,187.0,171.0
2024-01-24,185.0,164.0
2024-01-25,189.0,169.0
2024-01-25,188.0,169.0
2024-01-25,186.0,161.0
2024-01-26,188.0,171.0
2024-01-26,186.0,162.0
2024-01-27,179.0,146.0
2024-01-27,182.0,153.0
2024-01-28,179.0,140.0
2024-01-28,181.0,148.0
2024-01-29,192.0,164.0
2024-01-29,194.0,176.0
2024-01-30,191.0,175.0
2024-01-30,189.0,166.0
2024-01-31,188.0,175.0
2024-01-31,179.0,159.0
2024-02-01,194.0,179.0
2024-02-01,194.0,178.0
2024-02-02,189.0,174.0
2024-02-02,189.0,173.0
2024-02-03,183.0,149.0
2024-02-03,183.0,150.0
2024-02-04,182.0,142.0
2024-02-04,182.0,143.0
2024-02-05,188.0,168.0
2024-02-05,188.0,167.0
2024-02-06,190.0,170.0
2024-02-06,190.0,169.0
2024-02-06,189.0,170.0
2024-02-07,186.0,169.0
2024-02-07,186.0,170.0
2024-02-08,182.0,166.0
2024-02-08,182.0,167.0
2024-02-09,187.0,167.0
2024-02-09,187.0,168.0
2024-02-10,170.0,146.0
2024-02-10,170.0,147.0
2024-02-11,177.0,140.0
2024-02-11,177.0,141.0
2024-02-12,185.0,166.0
2024-02-12,185.0,167.0
2024-02-13,187.0,165.0
2024-02-13,187.0,167.0
2024-02-13,187.0,166.0
2024-02-14,183.0,164.0
2024-02-14,183.0,165.0
2024-02-15,182.0,163.0
2024-02-15,182.0,164.0
2024-02-16,176.0,159.0
2024-02-16,177.0,160.0
2024-02-17,160.0,143.0
2024-02-17,160.0,142.0
2024-02-18,170.0,132.0
2024-02-18,170.0,133.0
2024-02-19,179.0,159.0
2024-02-19,179.0,160.0
2024-02-20,180.0,164.0
2024-02-20,180.0,163.0
2024-02-21,183.0,164.0
2024-02-21,182.0,163.0
2024-02-21,182.0,164.0
2024-02-22,186.0,168.0
2024-02-22,186.0,167.0
2024-02-23,187.0,167.0
2024-02-23,187.0,166.0
2024-02-24,173.0,149.0
2024-02-24,173.0,150.0
2024-02-25,171.0,138.0
2024-02-25,171.0,139.0
2024-02-26,185.0,164.0
2024-02-26,185.0,165.0
2024-02-26,184.0,165.0
2024-02-27,184.0,168.0
2024-02-27,184.0,169.0
2024-02-28,179.0,167.0
2024-02-28,179.0,166.0
2024-02-29,179.0,163.0
2024-02-29,171.0,156.0
2024-02-29,178.0,163.0
2024-03-01,184.0,166.0
2024-03-01,184.0,167.0
2024-03-02,171.0,144.0
2024-03-02,171.0,143.0
2024-03-03,166.0,133.0
2024-03-03,166.0,134.0
2024-03-04,177.0,162.0
2024-03-04,177.0,163.0
2024-03-05,180.0,167.0
2024-03-05,180.0,168.0
2024-03-06,186.0,174.0
2024-03-06,186.0,175.0
2024-03-07,182.0,170.0
2024-03-07,182.0,171.0
2024-03-08,180.0,168.0
2024-03-08,180.0,167.0
2024-03-09,162.0,144.0
2024-03-09,161.0,143.0
2024-03-09,161.0,144.0
2024-03-10,164.0,140.0
2024-03-10,164.0,139.0
2024-03-11,177.0,162.0
2024-03-11,177.0,161.0
2024-03-12,181.0,168.0
2024-03-12,181.0,167.0
2024-03-13,179.0,164.0
2024-03-13,179.0,165.0
2024-03-14,172.0,158.0
2024-03-14,171.0,157.0
2024-03-15,168.0,154.0
2024-03-15,168.0,155.0
2024-03-16,156.0,136.0
2024-03-16,155.0,135.0
2024-03-17,159.0,131.0
2024-03-17,159.0,132.0
2024-03-18,175.0,159.0
2024-03-18,175.0,160.0
2024-03-19,171.0,151.0
2024-03-19,171.0,152.0
2024-03-20,167.0,153.0
2024-03-20,167.0,152.0
2024-03-21,166.0,153.0
2024-03-21,166.0,152.0
2024-03-22,159.0,146.0
2024-03-22,159.0,147.0
2024-03-23,157.0,137.0
2024-03-23,156.0,136.0
2024-03-24,166.0,136.0
2024-03-24,166.0,135.0
2024-03-25,166.0,154.0
2024-03-25,166.0,153.0
2024-03-26,163.0,152.0
2024-03-26,163.0,153.0
2024-03-27,175.0,163.0
2024-03-27,175.0,164.0
2024-03-28,172.0,159.0
2024-03-28,172.0,160.0
2024-03-29,146.0,128.0
2024-03-29,146.0,127.0
2024-03-30,143.0,125.0
2024-03-30,143.0,126.0
2024-03-31,140.0,105.0
2024-03-31,153.0,115.0
2024-03-31,154.0,115.0
2024-03-31,155.0,116.0
2024-04-01,168.0,123.0
2024-04-01,168.0,127.0
2024-04-02,174.0,149.0
2024-04-02,175.0,149.0
2024-04-02,174.0,144.0
2024-04-03,168.0,152.0
2024-04-03,168.0,157.0
2024-04-04,165.0,149.0
2024-04-04,165.0,145.0
2024-04-05,163.0,137.0
2024-04-05,163.0,142.0
2024-04-06,151.0,119.0
2024-04-06,151.0,115.0
2024-04-07,145.0,106.0
2024-04-07,145.0,110.0
2024-04-07,146.0,110.0
2024-04-08,149.0,131.0
2024-04-08,149.0,135.0
2024-04-09,171.0,148.0
2024-04-09,171.0,152.0
2024-04-10,170.0,153.0
2024-04-10,170.0,148.0
2024-04-11,170.0,144.0
2024-04-11,170.0,140.0
2024-04-12,161.0,138.0
2024-04-12,161.0,134.0
2024-04-13,161.0,117.0
2024-04-13,161.0,113.0
2024-04-14,148.0,103.0
2024-04-14,148.0,106.0
2024-04-14,148.0,107.0
2024-04-15,164.0,138.0
2024-04-15,164.0,134.0
2024-04-16,173.0,147.0
2024-04-16,172.0,143.0
2024-04-16,172.0,147.0
2024-04-17,172.0,154.0
2024-04-17,172.0,158.0
2024-04-18,176.0,160.0
2024-04-18,176.0,156.0
2024-04-19,185.0,157.0
2024-04-19,185.0,162.0
2024-04-20,177.0,135.0
2024-04-20,177.0,139.0
2024-04-21,173.0,137.0
2024-04-21,172.0,137.0
2024-04-21,172.0,133.0
2024-04-22,183.0,165.0
2024-04-22,183.0,170.0
2024-04-23,181.0,169.0
2024-04-23,180.0,164.0
2024-04-24,175.0,158.0
2024-04-24,175.0,163.0
2024-04-25,172.0,156.0
2024-04-25,172.0,151.0
2024-04-25,173.0,156.0
2024-04-26,171.0,152.0
2024-04-26,171.0,147.0
2024-04-27,154.0,125.0
2024-04-27,153.0,120.0
2024-04-27,153.0,125.0
2024-04-28,161.0,121.0
2024-04-28,161.0,117.0
2024-04-29,161.0,140.0
2024-04-29,161.0,141.0
2024-04-29,161.0,136.0
2024-04-30,156.0,137.0
2024-04-30,144.0,123.0
2024-05-01,169.0,130.0
2024-05-02,164.0,146.0
2024-05-02,164.0,145.0
2024-05-03,160.0,148.0
2024-05-03,159.0,147.0
2024-05-04,146.0,121.0
2024-05-05,144.0,112.0
2024-05-05,144.0,113.0
2024-05-06,163.0,146.0
2024-05-07,167.0,151.0
2024-05-07,167.0,150.0
2024-05-08,156.0,142.0
2024-05-08,157.0,142.0
2024-05-09,139.0,115.0
2024-05-10,143.0,120.0
2024-05-10,144.0,121.0
2024-05-11,137.0,110.0
2024-05-12,147.0,105.0
2024-05-13,161.0,135.0
2024-05-13,161.0,134.0
2024-05-14,164.0,138.0
2024-05-14,164.0,137.0
2024-05-15,165.0,142.0
2024-05-15,165.0,143.0
2024-05-16,161.0,145.0
2024-05-16,162.0,146.0
2024-05-17,156.0,140.0
2024-05-17,155.0,140.0
2024-05-18,139.0,117.0
2024-05-18,140.0,118.0
2024-05-18,140.0,117.0
2024-05-19,134.0,106.0
2024-05-19,133.0,106.0
2024-05-20,135.0,109.0
2024-05-20,135.0,110.0
2024-05-21,157.0,140.0
2024-05-22,163.0,139.0
2024-05-22,164.0,140.0
2024-05-23,165.0,146.0
2024-05-23,166.0,146.0
2024-05-24,153.0,140.0
2024-05-24,153.0,141.0
2024-05-25,141.0,116.0
2024-05-25,142.0,117.0
2024-05-26,140.0,108.0
2024-05-26,141.0,108.0
2024-05-27,154.0,139.0
2024-05-28,151.0,133.0
2024-05-28,152.0,133.0
2024-05-28,152.0,134.0
2024-05-29,158.0,137.0
2024-05-30,149.0,134.0
2024-05-31,158.0,144.0
2024-05-31,146.0,134.0
2024-06-01,151.0,121.0
2024-06-01,150.0,120.0
2024-06-01,150.0,121.0
2024-06-02,150.0,113.0
2024-06-02,150.0,112.0
2024-06-03,151.0,139.0
2024-06-03,152.0,140.0
2024-06-04,156.0,133.0
2024-06-04,155.0,133.0
2024-06-04,155.0,132.0
2024-06-05,159.0,132.0
2024-06-05,159.0,133.0
2024-06-05,159.0,134.0
2024-06-06,157.0,134.0
2024-06-06,158.0,135.0
2024-06-06,157.0,135.0
2024-06-07,160.0,134.0
2024-06-07,160.0,133.0
2024-06-08,149.0,115.0
2024-06-08,150.0,116.0
2024-06-08,149.0,116.0
2024-06-09,153.0,109.0
2024-06-09,153.0,108.0
2024-06-10,153.0,130.0
2024-06-10,153.0,132.0
2024-06-11,165.0,140.0
2024-06-11,166.0,142.0
2024-06-12,159.0,135.0
2024-06-12,159.0,134.0
2024-06-13,151.0,131.0
2024-06-13,151.0,132.0
2024-06-14,152.0,135.0
2024-06-14,152.0,136.0
2024-06-15,165.0,116.0
2024-06-15,165.0,115.0
2024-06-16,152.0,103.0
2024-06-16,152.0,104.0
2024-06-17,152.0,130.0
2024-06-17,153.0,132.0
2024-06-18,150.0,133.0
2024-06-18,150.0,132.0
2024-06-19,159.0,136.0
2024-06-19,159.0,135.0
2024-06-20,162.0,142.0
2024-06-20,162.0,141.0
2024-06-20,163.0,142.0
2024-06-21,165.0,140.0
2024-06-21,165.0,139.0
2024-06-22,161.0,118.0
2024-06-22,161.0,119.0
2024-06-22,161.0,120.0
2024-06-23,156.0,111.0
2024-06-23,156.0,110.0
2024-06-24,163.0,131.0
2024-06-24,164.0,133.0
2024-06-25,168.0,136.0
2024-06-25,167.0,135.0
2024-06-26,162.0,139.0
2024-06-26,162.0,140.0
2024-06-26,162.0,138.0
2024-06-27,160.0,138.0
2024-06-27,160.0,137.0
2024-06-27,160.0,136.0
2024-06-28,173.0,135.0
2024-06-28,173.0,137.0
2024-06-29,158.0,119.0
2024-06-29,158.0,120.0
2024-06-30,146.0,100.0
2024-06-30,157.0,110.0
2024-07-01,159.0,134.0
2024-07-01,160.0,135.0
2024-07-01,159.0,135.0
2024-07-02,164.0,135.0
2024-07-02,163.0,135.0
2024-07-03,159.0,137.0
2024-07-04,171.0,133.0
2024-07-04,171.0,132.0
2024-07-05,166.0,131.0
2024-07-05,165.0,130.0
2024-07-06,170.0,118.0
2024-07-06,170.0,119.0
2024-07-07,154.0,108.0
2024-07-08,150.0,128.0
2024-07-08,150.0,129.0
2024-07-09,160.0,134.0
2024-07-09,159.0,134.0
2024-07-10,156.0,140.0
2024-07-10,155.0,140.0
2024-07-10,155.0,139.0
2024-07-11,153.0,136.0
2024-07-11,153.0,137.0
2024-07-12,155.0,137.0
2024-07-13,154.0,112.0
2024-07-14,147.0,103.0
2024-07-14,148.0,103.0
2024-07-15,154.0,130.0
2024-07-15,154.0,131.0
2024-07-16,164.0,132.0
2024-07-16,164.0,133.0
2024-07-17,150.0,129.0
2024-07-17,150.0,130.0
2024-07-18,151.0,130.0
2024-07-18,150.0,130.0
2024-07-19,146.0,129.0
2024-07-19,147.0,129.0
2024-07-19,146.0,128.0
2024-07-20,138.0,110.0
2024-07-21,137.0,105.0
2024-07-21,137.0,104.0
2024-07-21,138.0,105.0
2024-07-22,150.0,127.0
2024-07-22,149.0,126.0
2024-07-23,147.0,124.0
2024-07-24,148.0,124.0
2024-07-24,148.0,123.0
2024-07-25,146.0,121.0
2024-07-25,147.0,122.0
2024-07-26,142.0,121.0
2024-07-26,142.0,122.0
2024-07-27,143.0,109.0
2024-07-27,143.0,108.0
2024-07-27,144.0,109.0
2024-07-28,142.0,101.0
2024-07-29,145.0,119.0
2024-07-30,145.0,123.0
2024-07-30,146.0,124.0
2024-07-31,130.0,116.0
2024-07-31,141.0,125.0
2024-07-31,140.0,125.0
2024-08-01,122.0,104.0
2024-08-01,122.0,106.0
2024-08-01,123.0,106.0
2024-08-02,130.0,112.0
2024-08-02,130.0,114.0
2024-08-02,131.0,114.0
2024-08-03,132.0,102.0
2024-08-03,132.0,105.0
2024-08-04,134.0,98.0
2024-08-04,134.0,96.0
2024-08-05,139.0,121.0
2024-08-05,139.0,118.0
2024-08-06,148.0,126.0
2024-08-06,148.0,123.0
2024-08-06,149.0,126.0
2024-08-07,146.0,131.0
2024-08-07,146.0,128.0
2024-08-08,145.0,126.0
2024-08-08,146.0,128.0
2024-08-08,145.0,128.0
2024-08-09,155.0,122.0
2024-08-09,155.0,125.0
2024-08-10,144.0,107.0
2024-08-10,144.0,110.0
2024-08-11,139.0,105.0
2024-08-11,139.0,103.0
2024-08-12,157.0,131.0
2024-08-12,158.0,133.0
2024-08-13,154.0,133.0
2024-08-13,154.0,130.0
2024-08-14,155.0,135.0
2024-08-14,155.0,132.0
2024-08-14,156.0,135.0
2024-08-15,155.0,128.0
2024-08-15,155.0,125.0
2024-08-16,152.0,132.0
2024-08-16,152.0,129.0
2024-08-17,137.0,115.0
2024-08-17,137.0,117.0
2024-08-18,130.0,110.0
2024-08-18,131.0,110.0
2024-08-18,130.0,107.0
2024-08-19,147.0,127.0
2024-08-19,147.0,130.0
2024-08-20,153.0,134.0
2024-08-20,153.0,132.0
2024-08-20,154.0,134.0
2024-08-21,158.0,133.0
2024-08-21,158.0,136.0
2024-08-22,154.0,135.0
2024-08-22,154.0,132.0
2024-08-22,155.0,135.0
2024-08-23,156.0,135.0
2024-08-23,155.0,132.0
2024-08-24,140.0,114.0
2024-08-24,140.0,117.0
2024-08-25,139.0,112.0
2024-08-25,139.0,109.0
2024-08-26,151.0,133.0
2024-08-26,151.0,136.0
2024-08-27,155.0,132.0
2024-08-27,155.0,135.0
2024-08-27,156.0,135.0
2024-08-28,155.0,136.0
2024-08-28,156.0,136.0
2024-08-28,155.0,134.0
2024-08-29,155.0,136.0
2024-08-29,155.0,138.0
2024-08-30,154.0,135.0
2024-08-30,154.0,138.0
2024-08-31,133.0,107.0
2024-08-31,143.0,118.0
2024-08-31,144.0,118.0
2024-09-01,146.0,111.0
2024-09-02,149.0,137.0
2024-09-02,149.0,136.0
2024-09-03,153.0,140.0
2024-09-03,153.0,139.0
2024-09-04,156.0,141.0
2024-09-04,155.0,140.0
2024-09-04,155.0,141.0
2024-09-05,158.0,141.0
2024-09-05,158.0,142.0
2024-09-06,149.0,133.0
2024-09-06,149.0,134.0
2024-09-07,140.0,114.0
2024-09-07,140.0,115.0
2024-09-08,145.0,113.0
2024-09-09,159.0,140.0
2024-09-09,159.0,139.0
2024-09-10,165.0,138.0
2024-09-10,165.0,137.0
2024-09-11,164.0,145.0
2024-09-11,163.0,145.0
2024-09-11,163.0,144.0
2024-09-12,154.0,144.0
2024-09-12,153.0,144.0
2024-09-12,153.0,142.0
2024-09-13,163.0,147.0
2024-09-13,163.0,146.0
2024-09-14,149.0,124.0
2024-09-14,149.0,126.0
2024-09-15,135.0,113.0
2024-09-15,135.0,112.0
2024-09-15,136.0,113.0
2024-09-16,152.0,142.0
2024-09-16,153.0,143.0
2024-09-16,152.0,143.0
2024-09-17,156.0,144.0
2024-09-17,156.0,146.0
2024-09-17,157.0,146.0
2024-09-18,156.0,142.0
2024-09-18,156.0,141.0
2024-09-18,156.0,143.0
2024-09-19,157.0,142.0
2024-09-19,157.0,141.0
2024-09-19,158.0,142.0
2024-09-20,159.0,137.0
2024-09-20,159.0,138.0
2024-09-21,140.0,117.0
2024-09-21,140.0,118.0
2024-09-22,131.0,112.0
2024-09-22,132.0,112.0
2024-09-22,131.0,111.0
2024-09-23,157.0,145.0
2024-09-23,157.0,144.0
2024-09-23,158.0,145.0
2024-09-24,159.0,143.0
2024-09-24,158.0,142.0
2024-09-25,159.0,144.0
2024-09-25,160.0,144.0
2024-09-25,159.0,143.0
2024-09-26,173.0,150.0
2024-09-26,173.0,151.0
2024-09-26,174.0,151.0
2024-09-27,186.0,146.0
2024-09-27,186.0,145.0
2024-09-28,170.0,128.0
2024-09-28,171.0,129.0
2024-09-28,170.0,129.0
2024-09-29,154.0,117.0
2024-09-29,154.0,118.0
2024-09-30,171.0,141.0
2024-09-30,158.0,131.0
2024-09-30,171.0,142.0
2024-10-01,165.0,150.0
2024-10-01,164.0,142.0
2024-10-02,161.0,139.0
2024-10-02,161.0,147.0
2024-10-03,167.0,143.0
2024-10-03,168.0,152.0
2024-10-04,166.0,144.0
2024-10-04,166.0,153.0
2024-10-05,148.0,129.0
2024-10-05,147.0,122.0
2024-10-06,151.0,116.0
2024-10-06,151.0,123.0
2024-10-07,162.0,136.0
2024-10-07,162.0,144.0
2024-10-08,175.0,144.0
2024-10-08,175.0,153.0
2024-10-09,169.0,139.0
2024-10-09,169.0,148.0
2024-10-10,177.0,139.0
2024-10-10,177.0,148.0
2024-10-11,163.0,138.0
2024-10-11,164.0,146.0
2024-10-12,166.0,124.0
2024-10-12,167.0,132.0
2024-10-13,164.0,120.0
2024-10-13,163.0,114.0
2024-10-14,162.0,147.0
2024-10-14,162.0,138.0
2024-10-15,167.0,141.0
2024-10-15,167.0,150.0
2024-10-16,185.0,142.0
2024-10-16,186.0,150.0
2024-10-17,168.0,147.0
2024-10-17,168.0,139.0
2024-10-18,164.0,149.0
2024-10-18,163.0,140.0
2024-10-19,150.0,122.0
2024-10-19,150.0,129.0
2024-10-20,173.0,119.0
2024-10-20,172.0,113.0
2024-10-21,167.0,136.0
2024-10-21,167.0,145.0
2024-10-22,166.0,138.0
2024-10-22,167.0,146.0
2024-10-23,163.0,143.0
2024-10-23,164.0,152.0
2024-10-24,165.0,141.0
2024-10-24,165.0,150.0
2024-10-25,166.0,140.0
2024-10-25,166.0,149.0
2024-10-26,154.0,124.0
2024-10-26,154.0,132.0
2024-10-27,155.0,111.0
2024-10-27,155.0,118.0
2024-10-28,168.0,147.0
2024-10-28,168.0,139.0
2024-10-29,164.0,151.0
2024-10-29,164.0,143.0
2024-10-30,165.0,146.0
2024-10-30,165.0,155.0
2024-10-31,162.0,143.0
2024-10-31,169.0,156.0
2024-10-31,169.0,157.0
2024-11-01,182.0,143.0
2024-11-01,182.0,144.0
2024-11-01,182.0,145.0
2024-11-02,165.0,135.0
2024-11-02,165.0,137.0
2024-11-03,171.0,127.0
2024-11-03,171.0,128.0
2024-11-04,178.0,156.0
2024-11-04,178.0,158.0
2024-11-05,177.0,157.0
2024-11-05,177.0,159.0
2024-11-06,178.0,158.0
2024-11-06,178.0,160.0
2024-11-07,178.0,163.0
2024-11-07,177.0,161.0
2024-11-08,179.0,158.0
2024-11-08,179.0,160.0
2024-11-09,159.0,138.0
2024-11-09,159.0,140.0
2024-11-10,167.0,133.0
2024-11-10,167.0,135.0
2024-11-11,187.0,161.0
2024-11-11,187.0,164.0
2024-11-12,188.0,169.0
2024-11-12,188.0,171.0
2024-11-13,194.0,177.0
2024-11-13,194.0,174.0
2024-11-14,193.0,176.0
2024-11-14,193.0,173.0
2024-11-15,193.0,172.0
2024-11-15,193.0,174.0
2024-11-16,172.0,152.0
2024-11-16,172.0,154.0
2024-11-17,170.0,142.0
2024-11-17,170.0,140.0
2024-11-18,188.0,165.0
2024-11-18,188.0,167.0
2024-11-19,192.0,170.0
2024-11-19,192.0,173.0
2024-11-20,200.0,178.0
2024-11-20,200.0,181.0
2024-11-21,212.0,193.0
2024-11-21,212.0,190.0
2024-11-22,211.0,191.0
2024-11-22,212.0,194.0
2024-11-23,194.0,169.0
2024-11-23,194.0,172.0
2024-11-24,184.0,149.0
2024-11-24,184.0,152.0
2024-11-25,194.0,173.0
2024-11-25,194.0,171.0
2024-11-26,194.0,171.0
2024-11-26,194.0,173.0
2024-11-27,198.0,171.0
2024-11-27,198.0,174.0
2024-11-28,200.0,177.0
2024-11-28,201.0,180.0
2024-11-29,205.0,183.0
2024-11-29,205.0,180.0
2024-11-30,181.0,156.0
2024-11-30,189.0,165.0
2024-12-01,184.0,154.0
2024-12-01,184.0,155.0
2024-12-02,195.0,176.0
2024-12-02,195.0,178.0
2024-12-03,197.0,178.0
2024-12-03,197.0,180.0
2024-12-04,203.0,184.0
2024-12-04,204.0,186.0
2024-12-05,207.0,186.0
2024-12-05,207.0,188.0
2024-12-06,194.0,176.0
2024-12-06,194.0,178.0
2024-12-07,182.0,160.0
2024-12-07,182.0,162.0
2024-12-08,186.0,154.0
2024-12-08,186.0,156.0
2024-12-09,209.0,187.0
2024-12-09,210.0,189.0
2024-12-10,210.0,189.0
2024-12-10,210.0,191.0
2024-12-11,215.0,191.0
2024-12-11,215.0,192.0
2024-12-12,211.0,192.0
2024-12-12,211.0,193.0
2024-12-13,208.0,191.0
2024-12-13,208.0,193.0
2024-12-14,186.0,169.0
2024-12-14,186.0,171.0
2024-12-15,183.0,157.0
2024-12-15,183.0,158.0
2024-12-16,199.0,180.0
2024-12-16,199.0,178.0
2024-12-17,195.0,180.0
2024-12-17,195.0,179.0
2024-12-18,194.0,177.0
2024-12-18,194.0,178.0
2024-12-19,194.0,174.0
2024-12-19,194.0,175.0
2024-12-20,198.0,175.0
2024-12-20,198.0,177.0
2024-12-21,187.0,158.0
2024-12-21,187.0,157.0
2024-12-22,180.0,154.0
2024-12-22,180.0,152.0
2024-12-23,195.0,169.0
2024-12-23,195.0,167.0
2024-12-24,184.0,162.0
2024-12-24,184.0,160.0
2024-12-25,184.0,152.0
2024-12-25,184.0,151.0
2024-12-26,180.0,159.0
2024-12-26,180.0,157.0
2024-12-27,183.0,167.0
2024-12-27,183.0,168.0
2024-12-28,175.0,159.0
2024-12-28,175.0,161.0
2024-12-29,175.0,152.0
2024-12-29,175.0,153.0
2024-12-30,189.0,168.0
2024-12-30,189.0,166.0
2024-12-31,185.0,167.0
2024-12-31,176.0,157.0
2025-01-01,187.0,148.0
2025-01-02,173.0,153.0
2025-01-03,187.0,167.0
2025-01-04,180.0,166.0
2025-01-05,171.0,147.0
2025-01-06,192.0,167.0
2025-01-07,195.0,174.0
2025-01-08,195.0,175.0
2025-01-09,192.0,173.0
2025-01-10,202.0,184.0
2025-01-11,187.0,167.0
2025-01-12,189.0,162.0
2025-01-13,214.0,193.0
2025-01-14,218.0,198.0
2025-01-15,215.0,194.0
2025-01-16,212.0,193.0
2025-01-17,211.0,191.0
2025-01-18,191.0,170.0
2025-01-19,190.0,163.0
2025-01-20,208.0,188.0
2025-01-21,210.0,192.0
2025-01-22,211.0,194.0
2025-01-23,204.0,186.0
2025-01-24,0.0,0.0
2025-01-24,197.0,177.0
2025-01-25,170.0,149.0
2025-01-25,0.0,0.0
2025-01-26,176.0,142.0
2025-01-26,0.0,0.0
2025-01-27,198.0,175.0
2025-01-27,0.0,0.0
2025-01-28,0.0,0.0
2025-01-28,201.0,178.0
2025-01-29,0.0,0.0
2025-01-29,196.0,174.0
2025-01-30,197.0,178.0
2025-01-30,0.0,0.0
2025-01-31,188.0,172.0
2025-01-31,0.0,0.0
2025-02-01,0.0,0.0
2025-02-02,0.0,0.0
2025-02-03,0.0,0.0
2025-02-04,0.0,0.0
2025-02-05,0.0,0.0
2025-02-06,0.0,0.0
2025-02-07,0.0,0.0
2025-02-08,0.0,0.0
2025-02-09,0.0,0.0
2025-02-10,0.0,0.0
2025-02-11,0.0,0.0
2025-02-12,0.0,0.0
2025-02-13,0.0,0.0
2025-02-14,0.0,0.0
2025-02-15,0.0,0.0
2025-02-16,0.0,0.0
2025-02-17,0.0,0.0
2025-02-18,0.0,0.0
2025-02-19,0.0,0.0
2025-02-20,0.0,0.0
2025-02-21,0.0,0.0
2025-02-22,0.0,0.0
2025-02-23,0.0,0.0
2025-02-24,0.0,0.0
2025-02-25,0.0,0.0
2025-02-26,0.0,0.0
2025-02-27,0.0,0.0
2025-02-28,0.0,0.0
2025-03-01,0.0,0.0
2025-03-02,0.0,0.0
2025-03-03,0.0,0.0
2025-03-04,0.0,0.0
2025-03-05,0.0,0.0
2025-03-06,0.0,0.0
2025-03-07,0.0,0.0
2025-03-08,0.0,0.0
2025-03-09,0.0,0.0
2025-03-10,0.0,0.0
2025-03-11,0.0,0.0
2025-03-12,0.0,0.0
2025-03-13,0.0,0.0
2025-03-14,0.0,0.0
2025-03-15,0.0,0.0
2025-03-16,0.0,0.0
2025-03-17,0.0,0.0
2025-03-18,0.0,0.0
2025-03-19,0.0,0.0
2025-03-20,0.0,0.0
2025-03-21,0.0,0.0
2025-03-22,0.0,0.0
2025-03-23,0.0,0.0
2025-03-24,0.0,0.0
2025-03-25,0.0,0.0
2025-03-26,0.0,0.0
2025-03-27,0.0,0.0
2025-03-28,0.0,0.0
2025-03-29,0.0,0.0
2025-03-30,0.0,0.0
2025-03-31,0.0,0.0
2025-04-01,0.0,0.0
2025-04-02,0.0,0.0
2025-04-03,0.0,0.0
2025-04-04,0.0,0.0
2025-04-05,0.0,0.0
2025-04-06,0.0,0.0
2025-04-07,0.0,0.0
2025-04-08,0.0,0.0
2025-04-09,0.0,0.0
2025-04-10,0.0,0.0
2025-04-11,0.0,0.0
2025-04-12,0.0,0.0
2025-04-13,0.0,0.0
2025-04-14,0.0,0.0
2025-04-15,0.0,0.0
2025-04-16,0.0,0.0
2025-04-17,0.0,0.0
2025-04-18,0.0,0.0
2025-04-19,0.0,0.0
2025-04-20,0.0,0.0
2025-04-21,0.0,0.0
2025-04-22,0.0,0.0
2025-04-23,0.0,0.0
2025-04-24,0.0,0.0
2025-04-25,0.0,0.0
